1594355377526, gacc,-0.6223427712039789,-3.760392968783178,-8.89430967600718
1594355377544, gacc,-0.6223427712039789,-3.760392968783178,-8.89430967600718
1594355377560, gacc,-0.6223427712039789,-3.760392968783178,-8.89430967600718
1594355377578, gacc,-0.6223427712039789,-3.760392968783178,-8.89430967600718
1594355377594, gacc,-0.6223427712039789,-3.760392968783178,-8.89430967600718
1594355377610, gacc,-0.6223427712039789,-3.760392968783178,-8.89430967600718
1594355377624, gacc,-0.6223427712039789,-3.760392968783178,-8.89430967600718
1594355377641, gacc,-0.6223427712039789,-3.760392968783178,-8.89430967600718
1594355377659, gacc,0.1044470474243164,-2.2453123174805194,-9.18161349163344
1594355377674, gacc,0.1689408911773935,-2.217479723181203,-9.086892906719818
1594355377692, gacc,0.1701379554748535,-2.3412299484252928,-9.012672746586519
1594355377707, gacc,0.3553892723968252,-2.521393477221578,-9.253589461028033
1594355377725, gacc,0.41689036407470703,-2.4524107245514166,-9.583240801858343
1594355377744, gacc,0.596305869248975,-2.0655973361693323,-9.905261180877686
1594355377759, gacc,0.4933551613296382,-1.8981528575621545,-9.82535488313306
1594355377781, gacc,0.3708019821166992,-2.016815696539357,-9.55750355413677
1594355377794, gacc,0.33054946670532226,-2.0231001105710864,-9.433154317253338
1594355377817, gacc,0.2018610909393057,-2.207753205871582,-9.58533607537085
1594355377831, gacc,0.4421791191101074,-2.1285950230805204,-9.688885169308445
1594355377842, gacc,0.2519897247314453,-1.982548758343607,-9.548824472654005
1594355377864, gacc,0.15472524575497953,-2.0530279601166024,-9.475502183809038
1594355377880, gacc,0.05102642288208008,-1.9379565332274882,-9.443030765569308
1594355377893, gacc,-0.021697416012547908,-1.8662802671570329,-9.468768133163532
1594355377916, gacc,0.06554123391415924,-1.9409493583679198,-9.6875384126083
1594355377932, gacc,-0.09427169036865234,-1.9999065742492674,-9.530867960202833
1594355377946, gacc,-0.11282675323486327,-2.0495861856322732,-9.454402972293302
1594355377970, gacc,-0.09292491540219634,-1.8230352188661694,-9.503633724522311
1594355377987, gacc,0.012569558715820313,-1.862988239874318,-9.490017039079834
1594355378003, gacc,0.1643021071945317,-2.0060416064055637,-9.097517249651998
1594355378027, gacc,-0.02977788314819336,-2.2159831462142057,-9.2513446332518
1594355378045, gacc,0.0040402153015136714,-2.069338531991653,-9.461286307774472
1594355378071, gacc,-0.1693897674560547,-1.693897747625783,-9.64249759434131
1594355378091, gacc,-0.05761051398012787,-1.5539863689146935,-9.693973140097222
1594355378117, gacc,0.42407298275490757,-1.94843120202329,-9.877578406845219
1594355378137, gacc,0.7004536049331538,-2.145055132094631,-9.880271737582422
1594355378164, gacc,0.6203975051879882,-2.1797710379005872,-9.836128315679728
1594355378190, gacc,0.13557166900634765,-2.719364209658839,-9.262717182469087
1594355378221, gacc,0.5868786636794917,-2.217778870524559,-9.352051142440923
1594355378246, gacc,0.623090963789355,-2.127397922250442,-9.624091885951067
1594355378276, gacc,0.352695822928613,-1.6760908362457527,-9.851242078985646
1594355378306, gacc,0.19512743530273435,-1.7185878791809082,-9.74051025220342
1594355378337, gacc,0.24316110610961914,-2.0733785828963853,-9.601646455449657
1594355378368, gacc,0.3972878562484868,-2.3750480568643875,-9.112181771353074
1594355378410, gacc,0.6709750061256345,-2.2300492636307143,-9.408164823725725
1594355378453, gacc,0.6842927528602536,-2.4606408087412244,-9.106196449865772
1594355378479, gacc,0.5334580322873895,-2.3005283740721643,-9.136123751422017
1594355378521, gacc,0.46522331922226584,-2.2878092142852022,-9.283965959664993
1594355378548, gacc,0.336535007388331,-2.015169719430618,-9.326313182333298
1594355378577, gacc,0.37169982600556684,-1.906831948178075,-9.3894605159814
1594355378605, gacc,0.46028529884779124,-2.263119155795313,-9.4095120370836
1594355378641, gacc,0.00942720556948334,-1.9844938645293935,-9.923816280276514
1594355378676, gacc,-0.2576759171416983,-2.27194785661553,-9.664793368972651
1594355378715, gacc,-1.1176432807479983,-2.710236297563184,-9.605537024014255
1594355378745, gacc,-0.7413046890258789,-1.932569689089991,-8.41621753199473
1594355378784, gacc,-1.910273722662404,-1.295412735748291,-8.989329627459869
1594355378815, gacc,-2.455702642236277,-1.858349328027293,-9.025840764385833
1594355378852, gacc,-2.165555401611328,-1.664269319418259,-8.397961817401274
1594355378885, gacc,-2.0567689002105967,-0.6838438491821288,-8.400954204150288
1594355378922, gacc,1.583764325128123,-2.7240029388427733,-9.743951707027339
1594355378954, gacc,0.15711944741513578,-0.7463923675537109,-9.524134395897807
1594355378990, gacc,-1.2068272743225097,-0.09980828170776367,-10.071358665322698
1594355379023, gacc,-0.31738132104184474,0.47674555170908567,-10.744877702508493
1594355379064, gacc,-1.5848118614196776,-2.4996961708068848,-10.267534038775786
1594355379097, gacc,-2.1235071618895978,-1.8342578930176794,-8.157493676702678
1594355379132, gacc,-2.168248878479004,-2.30786067145532,-7.685985879516601
1594355379164, gacc,-1.5481506667648441,-1.6078562715943903,-6.473023755700886
1594355379201, gacc,-0.3414729295813944,-1.987037813391164,-7.368305246734619
1594355379234, gacc,0.20036475143432617,-0.9193735836304724,-5.641038094274699
1594355379271, gacc,0.1331774673461914,1.5417160854063927,-6.808211695861816
1594355379303, gacc,1.245882835034281,-0.6142623634338379,-7.646331768389791
1594355379340, gacc,5.291485017218068,0.2902968051634729,-18.932448902893064
1594355379380, gacc,1.5599720191955566,0.5934627365112304,-7.406612619427591
1594355379418, gacc,7.556848919732868,1.0022723777219653,-12.434435959625244
1594355379453, gacc,8.962694060925394,2.3804354390017686,-8.209568293463438
1594355379491, gacc,4.1497506119877094,-9.235782980047912,14.556597332929075
1594355379527, gacc,8.820837265501265,4.189703158071823,1.6888102882936595
1594355379566, gacc,10.09350565173365,3.676595851312205,2.5834929366514086
1594355379602, gacc,11.486482178198546,2.2557870958741755,0.025887889972329138
1594355379643, gacc,11.411512715801596,3.341557329559326,1.530792248070985
1594355379682, gacc,13.35515555103719,3.0653263860840347,1.9050360412046312
1594355379723, gacc,11.14770278941691,2.684199482373148,3.4096428000296233
1594355379766, gacc,10.808174774225055,2.8528412079408763,3.3707365161620078
1594355379812, gacc,10.559477076776325,3.7047279400147497,3.718943804632872
1594355379855, gacc,12.30903964767456,6.612485819741897,5.928192802020162
1594355379900, gacc,12.507758385467529,4.994154952416941,6.094889530999958
1594355379947, gacc,8.494477852630615,7.871985128729045,2.0642505977354944
1594355380006, gacc,7.99229427360855,9.622895314843952,2.4281693962097166
1594355380053, gacc,4.859182199151814,7.350797647094726,2.001103748144582
1594355380098, gacc,8.635287056964263,6.08516315982081,8.317307514300943
1594355380143, gacc,11.622651959228515,1.5614681029722093,-0.45549686584472654
1594355380192, gacc,5.253776560266315,1.215506547601521,2.5335150638410355
1594355380238, gacc,7.555651453576609,2.0638018310546875,3.3638534421173856
1594355380287, gacc,8.725219001095555,3.747075308813527,2.5261821728028355
1594355380335, gacc,7.926304327812511,4.7490483565290456,3.6047708244208243
1594355380386, gacc,8.26253912841156,4.181173924255371,3.083282021752372
1594355380442, gacc,8.261941673975064,3.818751867144927,2.3853734068606047
1594355380489, gacc,6.5306339408874505,5.153818239095993,4.266915905883535
1594355380535, gacc,6.5300353904724115,3.796605428723246,2.821118035943806
1594355380583, gacc,6.779181854601949,6.106860247039794,3.446752491937205
1594355380631, gacc,10.184634294836222,4.924873287296742,2.579602518783859
1594355380681, gacc,8.588749323803558,5.515342835910059,4.285021982873231
1594355380728, gacc,9.13881730135493,3.9306802833005783,-0.6494278579045086
1594355380777, gacc,10.008211706133931,5.213074985913187,0.2826648124476895
1594355380832, gacc,8.647407291876851,4.112340553460642,-0.053270840808004136
1594355380924, gacc,9.03377177658081,4.979041791899222,0.48677054050862784
1594355380980, gacc,8.739733697963203,3.8036379577085375,1.4158703491877764
1594355381034, gacc,6.5717839896604415,3.548356132629141,2.6780639387601983
1594355381083, gacc,3.0936072356075046,5.128828576605022,-6.357503744794055
1594355381135, gacc,7.564779274340719,10.410736421856283,5.292532261248677
1594355381185, gacc,10.599280094854533,1.36948305734843,-4.467729789324849
1594355381234, gacc,10.249427961786092,5.636549550683796,-1.8139065213192254
1594355381283, gacc,8.243086751379444,4.833743148925528,-0.28969851047676054
1594355381333, gacc,8.902989410510497,4.2494088542329145,0.2494466891851276
1594355381383, gacc,9.827749048260598,3.738246142202429,-4.242226431915536
1594355381436, gacc,9.115772745049744,3.725228072534129,-2.1128835039440075
1594355381490, gacc,7.677456463037058,3.5224689550428647,-1.8508679592959583
1594355381553, gacc,8.41502024850156,2.654571017633006,1.520916312353313
1594355381619, gacc,9.4288149683082,4.61422500340566,-0.7900871323734522
1594355381679, gacc,9.74544832966011,3.431639240087941,-0.8339304022857918
1594355381730, gacc,7.888146282196044,0.5514147159852087,-2.0114277198906985
1594355381820, gacc,10.439616698577627,3.7614400803830472,-1.05868685031794
1594355381880, gacc,10.289679819610342,2.4983493593078103,0.8037033688643015
1594355381940, gacc,9.480440498727745,3.826981844020169,2.1649567781310526
1594355382061, gacc,8.36144999548872,5.465513504724902,-0.1215056851622241
1594355382146, gacc,8.084470672198384,6.685808501312509,-1.2565067761076614
1594355382217, gacc,6.985980968199018,8.444348963110148,3.438372786126658
1594355382293, gacc,6.742970139013975,7.856722969928383,0.2388222001224756
1594355382358, gacc,6.9533601715087885,6.597821590301766,1.1309614932734984
1594355382418, gacc,6.252906621374562,8.806322399670258,3.505559558758139
1594355382477, gacc,5.937021712902933,8.12562052917513,-1.4841061924807726
1594355382534, gacc,6.505793952532858,11.607239870563149,0.7528275882329791
1594355382592, gacc,3.612850232110545,5.772868530926108,3.974823084148764
1594355382648, gacc,5.032761819513142,7.100454228265583,5.804742509570717
1594355382708, gacc,3.6855739979399367,10.607510601452738,2.9016225553099066
1594355382775, gacc,0.28176731561869384,8.938601904396572,1.3108249705441295
1594355382842, gacc,4.965873518371581,9.24610686502906,1.7545003926265983
1594355382905, gacc,1.4118306453429161,7.652017997332662,5.776010920605063
1594355382974, gacc,1.7865230590268968,9.510517474420368,3.537283169146627
1594355383034, gacc,2.899527701922506,7.796268793487548,0.42661651605814693
1594355383104, gacc,5.429899910293705,9.139265848840028,0.6534666849665344
1594355383172, gacc,4.908113293722458,7.439233836242929,1.4791681150240823
1594355383235, gacc,5.708973977373587,6.741324198437854,2.6622023892942814
1594355383308, gacc,3.459322708240151,5.877166817529499,-0.3321949688900262
1594355383371, gacc,8.262390002264455,7.350349172674864,-0.3975873323854059
1594355383433, gacc,6.330568464660645,7.281066596807912,1.0317510221952573
1594355383495, gacc,7.997830938012897,7.656656872647069,-0.764049097907287
1594355383556, gacc,5.371092441613972,8.089857589401118,1.2566565187426981
1594355383620, gacc,12.230779180908202,10.90813269353658,0.033967799985548476
1594355383682, gacc,-1.4815622070863843,8.65474020118136,2.6023477131165564
1594355383748, gacc,5.517587071172893,8.908674977299663,0.8192656157232355
1594355383809, gacc,5.524470547076314,5.50621519780904,0.08274959487915039
1594355383874, gacc,5.051765429864451,11.634024124853312,1.341500724980654
1594355383938, gacc,3.0680199360169467,8.244433818606845,4.582801937733171
1594355384006, gacc,4.282029413461126,7.80764088604711,2.265363149029552
1594355384070, gacc,4.759672955189552,5.114763226373493,-2.665644017648138
1594355384137, gacc,5.036951544554252,10.040832849884033,-0.03396813791226595
1594355384202, gacc,3.8124667955260723,10.090063036999107,-1.3286329122581548
1594355384268, gacc,2.684798105853423,10.642376309259236,-0.38546577316541225
1594355384335, gacc,-0.42751492620259524,9.599401736129634,1.9916765425750984
1594355384402, gacc,1.0100538984436542,9.50408295242742,1.48455514182467
1594355384469, gacc,3.2552165052551776,8.734048167706653,1.4755771413274108
1594355384538, gacc,4.33859275647588,10.885986035919188,1.9580078990660608
1594355384605, gacc,5.232827003479003,8.639625999484025,1.4932336844513192
1594355384674, gacc,4.04096348953247,9.409362710007093,1.0103535572436637
1594355384744, gacc,2.3144447077544403,10.574739966229348,-0.3257610359855462
1594355384817, gacc,3.1223383861817418,11.159524013983457,-0.5244790613924618
1594355384889, gacc,3.6430767358090725,9.976937958404793,-0.0017956329788081347
1594355384965, gacc,3.0334535034179684,8.685415508093312,-0.21054003542475402
1594355385038, gacc,4.421641553497314,6.975356899261474,0.4363432342971675
1594355385112, gacc,3.670460490362346,10.301202280426025,0.7773669040074106
1594355385185, gacc,3.084030940423533,10.073902869912795,1.361551944688754
1594355385260, gacc,2.5342628043352624,8.979154380002058,0.9148850583058782
1594355385335, gacc,2.6586112694671376,8.14627173320353,0.10459650236498563
1594355385411, gacc,3.063081237505749,9.62109927315648,0.5719143735805526
1594355385484, gacc,5.116408947753906,9.909002047906442,1.4348749459197745
1594355385561, gacc,0.47854105682373044,11.17044697453603,0.3200751997683197
1594355385640, gacc,1.1056721445830537,9.602095585173355,0.6286280117861927
1594355385717, gacc,-1.1390413667540997,5.946897648620605,-0.4941030753538012
1594355385794, gacc,-0.3332427609099075,4.8136920753479,-1.4459483112610876
1594355385869, gacc,2.3505076899209523,9.493607922872016,-0.01631049880981445
1594355385941, gacc,3.001730203556735,13.444340439660847,1.1546037506103515
1594355386016, gacc,5.2560214896488935,12.274323723602294,0.9783306533813476
1594355386088, gacc,-1.8712177351183643,13.638569464819133,-7.898172001647949
1594355386166, gacc,1.2069771037225145,13.74331578745097,-0.48572377140205353
1594355386242, gacc,3.920505072375387,12.885144714410602,-0.8025065420288592
1594355386320, gacc,-0.0649428661622107,-0.7383119369506835,1.6190787265501916
1594355386395, gacc,0.583586362402141,-1.0544961936950683,-0.925957966989465
1594355386472, gacc,1.2167033561706542,-0.5559042824894189,-1.1133036258421838
1594355386548, gacc,9.699958388519287,24.001273092651367,6.595277349179051
1594355386629, gacc,6.894103388158976,15.146916802978515,3.1772556059572845
1594355386706, gacc,-0.8783728802002966,5.350591797637939,3.0376428813992065
1594355386786, gacc,7.619397291973978,25.21064420623779,-0.13482293299827725
1594355386865, gacc,3.6774936038695274,9.727641847538342,-2.839223309215903
1594355386944, gacc,-3.417124392523244,2.2671599190860987,1.6801311611451208
1594355387022, gacc,4.601805374554544,-2.1543325813293457,-0.26276399752832946
1594355387104, gacc,-6.22058475283198,1.650652991595864,-1.8077716352934017
1594355387184, gacc,15.31690468245819,33.15146467852294,5.320814352881163
1594355387267, gacc,3.3119290840148925,10.390386146136372,0.8800181631892919
1594355387345, gacc,-0.7176620572296902,2.124105785369873,-3.239354846191406
1594355387433, gacc,-2.718466639764607,20.7480019493103,-6.278793616297747
1594355387515, gacc,4.127752861321717,18.93708708408773,2.8625666292719543
1594355387597, gacc,-0.8291422546938061,1.6193781478881835,-0.5360021112966118
1594355387678, gacc,-0.9600754502445459,0.1876455551147461,0.3323447434911039
1594355387760, gacc,2.140715194061026,0.5898708494991064,-2.2397762558643706
1594355387841, gacc,4.580556250298768,6.849960295049846,2.7329809393400324
1594355387927, gacc,13.418901754760741,17.374871085357665,0.09157837104789214
1594355388007, gacc,-6.621463966369628,2.8980314720153806,4.456356673851982
1594355388094, gacc,7.6036849051877855,24.954314990997315,1.6084548950746655
1594355388178, gacc,1.07290180162061,10.369736814404652,-2.4003365827146914
1594355388266, gacc,0.03426715739145875,-0.21203706904947756,0.18210889071039854
1594355388350, gacc,2.1152770571501924,3.0042741706848144,-2.5065797197755426
1594355388434, gacc,-4.292654322648886,-4.291756113433838,-7.023091148730367
1594355388521, gacc,5.296423021609522,20.152444870868322,4.493317965698242
1594355388609, gacc,4.3341037836267144,3.8060324516296387,-4.982184309442341
1594355388696, gacc,-2.1173721297333015,32.43230343224406,-7.659500425509922
1594355388785, gacc,2.8824692342896014,14.235324228613077,0.6682814470595679
1594355388871, gacc,1.9663878606049343,-0.11327566604614257,0.10953415512999054
1594355388959, gacc,0.5419875469483435,0.8348281913757324,-0.3969882682304247
1594355389046, gacc,-2.9652187561035155,-1.965339703258872,1.159093061386235
1594355389136, gacc,4.769698619842529,15.351919735607504,3.8561609027586874
1594355389221, gacc,2.753332128375396,8.481010906683654,-5.52132815739736
1594355389310, gacc,3.5838206100463865,15.895254459381103,-7.747337470588041
1594355389401, gacc,2.2082021917480974,13.615225998632608,-0.5946598167917109
1594355389491, gacc,-3.4094924608854313,2.910152117919922,1.11659543392919
1594355389580, gacc,4.307468189692776,3.608810089874267,-2.6155153107907623
1594355389670, gacc,-8.655488644928484,-8.857796785515546,-4.326022394042462
1594355389768, gacc,6.794445127647463,20.724957173809408,4.833892859594523
1594355389862, gacc,2.325368472024612,3.6451720275878903,-7.291092389325052
1594355389958, gacc,-6.594379450491257,23.586477070507406,-2.877680940567143
1594355390050, gacc,3.6947019283019005,8.959102466174215,-2.714576062066853
1594355390140, gacc,-4.216338761138916,0.05401917495727539,2.6312271130550653
1594355390234, gacc,2.2845173331329596,-0.7574661347538232,-1.1999446500857476
1594355390326, gacc,5.450549424688518,6.5494882789611815,4.85813426100146
1594355390425, gacc,9.531167463739216,20.771495053100583,2.5418940481323746
1594355390517, gacc,-6.057479983929544,4.1846155891418455,-12.274472922814637
1594355390612, gacc,8.016834621429442,25.298630532726644,-1.4689925205064005
1594355390705, gacc,-0.9466073352538049,10.80233839622177,-1.8736127289369702
1594355390802, gacc,0.22206176558807492,-0.21876959217488764,0.647182855456695
1594355390894, gacc,-3.07729732131958,-1.4350246200561523,-0.23552893073074518
1594355390992, gacc,10.285490149368158,23.586328017425537,6.422446026434376
1594355391094, gacc,5.726331820678711,7.582137236376852,-2.488772625732422
1594355391209, gacc,-3.6427776797972617,23.567173235100505,-5.742193808536045
1594355391308, gacc,3.653851008605957,4.581006186023354,-0.8644563821212388
1594355391409, gacc,-1.8166008019044995,0.04474164352416992,2.815431916598789
1594355391512, gacc,3.052307804959081,-3.0713118171691893,-3.523816004003957
1594355391612, gacc,4.551376917565614,29.4382052031368,10.135104037929185
1594355391710, gacc,2.4603415723496114,7.172280131939798,-3.0967502828735856
1594355391809, gacc,8.807968632507324,25.551218807873127,-0.8367732244962826
1594355391906, gacc,-8.256553916522115,10.791115649005025,-2.259078812629636
1594355392008, gacc,1.066616748268064,-1.1145008728027344,0.39878479854166504
1594355392108, gacc,-1.5273509485106915,-8.73434693145752,-2.4871269134851635
1594355392220, gacc,0.40970761296376584,12.131568865093588,6.651989453014731
1594355392320, gacc,10.601375459698588,1.69793847438395,-6.4924757674068205
1594355392426, gacc,-7.746588962908834,19.63215433807373,-2.7958295001041145
1594355392525, gacc,4.698620758056641,2.850148023334145,-3.3759733939021825
1594355392627, gacc,-3.475034072113037,-1.4743798943668602,0.20694807534739373
1594355392728, gacc,2.858976020901464,-1.2413941453129052,0.9461579840511083
1594355392832, gacc,7.578546080017089,14.949395166015623,5.761795896237157
1594355392933, gacc,1.9180547319274395,6.678176325933634,-2.4992476963870227
1594355393042, gacc,3.478625374603271,14.960767623901367,1.9832966541014612
1594355393143, gacc,-6.927323009258881,2.927210804748535,0.4566942589357495
1594355393249, gacc,-0.8339304022857918,1.5815198341369627,-1.717989657559432
1594355393350, gacc,2.139967371368408,13.773543167932331,3.6061163207456466
1594355393459, gacc,3.4439093774657694,10.564265333966166,-1.6379332838196305
1594355393563, gacc,-2.5561094012938437,28.3893952383846,-9.037811845751852
1594355393670, gacc,4.982483292388916,9.002348098986968,0.9644149772861972
1594355393772, gacc,-1.8828899681091307,1.0588362687259911,2.163161967136152
1594355393878, gacc,1.2530653669495135,-1.5340841292232275,-2.1787228531550613
1594355393982, gacc,3.0781948546811937,17.631050078472494,6.315603973632306
1594355394090, gacc,7.024887019171193,11.494861884009092,-2.1616648969788104
1594355394194, gacc,-1.14038825131841,6.654234601593017,-3.3385645044188945
1594355394304, gacc,1.5894505540709942,10.888379360796511,0.2901466606696369
1594355394409, gacc,0.057610477447509766,-2.010530844116211,1.1861771388731897
1594355394516, gacc,-4.19823268414922,5.146187707684934,-0.744895224331133
1594355394622, gacc,11.569081697082519,32.37783592899739,5.564124402474798
1594355394735, gacc,0.97833079951182,3.819199976238608,-10.89272045874074
1594355394842, gacc,-6.13155037859492,17.949031155505775,-0.7228993368286639
1594355394954, gacc,5.216516212408244,0.2225105322688818,-2.232293553692475
1594355395060, gacc,0.728585565771535,-0.7318781045109033,-1.9387052327029406
1594355395169, gacc,-2.4019826694212854,0.25902269210815426,3.13071787279658
1594355395280, gacc,15.00386361911036,15.609446051678061,1.2392988900667055
1594355395389, gacc,4.851849737371877,12.099098674121498,-7.165696077374369
1594355395500, gacc,-2.1860557561805267,9.592219240747019,-2.631826613318175
1594355395611, gacc,2.7780218215391037,-1.5613187576293945,2.0370173210361973
1594355395719, gacc,-5.546617350824177,-7.824401247516274,-1.201290883912798
1594355395834, gacc,3.7792473205566406,18.589629152679443,3.4566291948398575
1594355395944, gacc,-6.605003903021291,19.22962918395996,1.1953052039491827
1594355396061, gacc,2.497750662762299,10.504260800988972,2.5517702761109917
1594355396171, gacc,-0.8010105313174426,0.5663789147526025,1.819444281702116
1594355396286, gacc,0.384718133135885,-1.364695530810952,-2.774431688092649
1594355396397, gacc,13.972709503362328,45.55627180808186,8.832060725104062
1594355396512, gacc,2.156427288586274,7.040149397167563,-4.6194626117981965
1594355396626, gacc,4.312256465148925,28.99243478153646,0.21293409095443783
1594355396741, gacc,-4.3701664004670455,9.88251644776929,-1.433678014053055
1594355396856, gacc,6.989273780933022,-0.7460930923461914,-1.1971014876652508
1594355396971, gacc,-3.6520550650998946,-1.9864391899108886,-1.5171751895962282
1594355397088, gacc,8.319252218627929,11.459697047125548,3.107823684747517
1594355397204, gacc,-0.23552944218739866,25.967809312218424,-11.323976434635185
1594355397320, gacc,7.8501386231020085,9.085995592553912,-2.1230578837521374
1594355397437, gacc,0.8946831598144024,0.4011784156799316,-1.4405617959171533
1594355397553, gacc,-11.529427439825236,-3.8054339012145992,6.799383004174754
1594355397671, gacc,1.097591668314254,13.617021357616782,3.1051293310970065
1594355397784, gacc,-3.0345011858399955,5.041889128820598,-19.89416978225708
1594355397907, gacc,6.4674870912965385,28.160899201965332,-0.649576984051615
1594355398025, gacc,-5.629366653442382,14.058453165490924,1.1568487895907833
1594355398142, gacc,9.059060823877155,1.3988117354243992,-1.7322055221775545
1594355398259, gacc,9.124452456720173,27.43979500492513,7.359326552117616
1594355398381, gacc,6.207715991973877,12.471845360565185,-6.115838357134908
1594355398500, gacc,-4.76910006942749,18.106599552264807,-6.7901048745200265
1594355398623, gacc,2.7055974405150858,2.8661586624145508,-0.5901700425082351
1594355398740, gacc,3.4124855742910527,-1.913117348590493,-1.3376107044053263
1594355398864, gacc,3.2237924258025363,11.99405234562978,7.05661004503779
1594355398986, gacc,6.167612803639005,12.130671770123392,-3.8821981380738317
1594355399109, gacc,3.867234313765773,27.090541422271727,0.4237735545670497
1594355399229, gacc,-6.290765008191019,11.45520704222992,-2.387169423431903
1594355399350, gacc,0.7820063364442438,0.7432493933528661,-1.7232273207508957
1594355399473, gacc,18.31983284536153,25.290250826916097,9.936385656329243
1594355399600, gacc,14.212879072962536,3.23696064453125,-15.573533319036661
1594355399727, gacc,-2.7192142021623207,13.40378923356384,-0.01451440917328
1594355399850, gacc,-2.371157469177246,3.0352497391849753,0.07541731576230376
1594355399974, gacc,0.4299091278627515,0.13616963489949702,-1.470489170538634
1594355400102, gacc,6.569240150396525,22.910414961242676,10.453234743433072
1594355400225, gacc,-15.78332509337738,14.196868241229653,3.0306108273379504
1594355400354, gacc,3.93741412160024,11.649137815093994,0.8503905021667479
1594355400478, gacc,0.7059900866744108,-1.5242086318969725,1.746270982006937
1594355400604, gacc,-3.6363434820313003,-4.680664245605469,0.9950896266110241
1594355400727, gacc,-3.4023101966857907,21.794268659320473,4.585943934686481
1594355400855, gacc,-4.501248795230127,24.772804577636716,-3.7472253117434677
1594355400984, gacc,5.204246075030416,6.099527419933676,-2.2336408035829662
1594355401111, gacc,1.426944262518361,-0.23717677100300788,-0.6444899083119817
1594355401237, gacc,6.552929943847656,8.001272602899371,6.033089200647175
1594355401371, gacc,-0.25124146364741023,12.070367523547262,-6.234501488373056
1594355401499, gacc,4.633229197137215,16.59974888240397,2.100463445834629
1594355401626, gacc,1.7058685367308557,0.4905120651245117,2.0860984185367824
1594355401754, gacc,0.3607762626647949,-8.745719389343261,5.0097173362731935
1594355401887, gacc,8.778339656310528,19.159749007526038,2.1507420460240914
1594355402017, gacc,-0.4212297084532678,1.9904794052124022,-6.617872590814158
1594355402153, gacc,0.9346364730834961,15.241786459240316,2.3044185133785007
1594355402281, gacc,-6.459256730828806,1.260247898864746,2.01741417388916
1594355402411, gacc,0.4596868100815452,-3.4184710578918454,-1.9964651285585016
1594355402544, gacc,10.691008603546395,20.644154036822915,8.00860543000549
1594355402676, gacc,-0.9714474697388708,16.744896773529053,-5.518485335186869
1594355402808, gacc,-7.11781229989957,11.018863789666444,-3.7922662304751573
1594355402940, gacc,2.8986299493651835,0.3794815476566553,-2.7552769057676194
1594355403076, gacc,23.215376032378895,27.908460564422604,11.720665247278287
1594355403210, gacc,-3.905990370941162,8.516175378241018,-6.204274619348347
1594355403343, gacc,3.92963340459615,12.830676334381103,1.4862007536072284
1594355403478, gacc,-7.143549127496033,0.961871101489663,2.65262609411031
1594355403616, gacc,0.45325215565785765,-4.844068508911133,-1.9499279068544506
1594355403753, gacc,7.72953086060211,20.222624322509766,-0.9214677428981288
1594355403887, gacc,4.394706638690084,20.757278896221518,0.1921349754884839
1594355404022, gacc,-5.788431572369486,10.20842696609497,-2.6171616166930645
1594355404155, gacc,-4.400991765107866,5.201253761346638,-1.2238858150206506
1594355404294, gacc,25.481637577853164,36.925322707256676,12.648418317523598
1594355404428, gacc,-0.19976598182357846,10.118943532916157,-0.2705450798586011
1594355404567, gacc,2.790142905835062,15.27051687916219,-1.382202545928955
1594355404703, gacc,-3.873968215997517,0.6958148574829102,-0.277577681909129
1594355404841, gacc,5.227889400946348,-1.1638806975215672,0.9744401487488299
1594355404984, gacc,-1.0833761050902306,20.610634629058836,-3.9758707665707913
1594355405124, gacc,8.208371046502888,12.804489753723145,1.8279732597902416
1594355405261, gacc,9.155277451468235,-0.9099468529850244,-2.503138164486922
1594355405398, gacc,-2.896385403575096,-5.110274390521646,1.055393727056682
1594355405537, gacc,1.2844887705487198,17.139491134643553,6.93809698979482
1594355405675, gacc,0.6120177263122052,22.884826930999754,-5.002534731292724
1594355405814, gacc,8.879196058831736,10.208277693817392,1.1125557300843298
1594355405954, gacc,3.0653265322145073,1.3672387855529784,0.025887889972329138
1594355406092, gacc,2.6602571735106406,8.723124330371245,5.7405472469054155
1594355406236, gacc,-2.486826935024746,5.755361515808105,-4.343680069677531
1594355406380, gacc,7.322366502380371,14.512003865703939,2.6207524077266453
1594355406521, gacc,11.141566880477779,-1.335965110889077,-2.786850878552347
1594355406660, gacc,-5.113416122613474,-3.8079777404785156,1.8439841911315917
1594355406803, gacc,4.296544676584355,10.185083792169392,5.26694437713623
1594355406943, gacc,-23.8101855803892,42.48675447311401,-4.029441394042968
1594355407088, gacc,3.2140663834169505,6.8978452050358054,3.1265285313479603
1594355407231, gacc,2.331952572255814,0.6545148788452148,-1.832311782184895
1594355407376, gacc,9.733327574157714,35.09046757899821,4.920533470562845
1594355407517, gacc,0.2766803677432239,18.09866817474365,-1.4586668134609238
1594355407662, gacc,-7.281215905618108,7.639747567693889,-0.9322421252928673
1594355407804, gacc,-3.3672952166017143,3.424606199645996,-2.2373821090031414
1594355407950, gacc,-0.04653714863881468,23.108386095538734,-1.1159968104489146
1594355408094, gacc,-5.472247078163083,18.49535804683268,1.539621889606118
1594355408243, gacc,6.173448834582418,10.303895684228465,-2.4405893903870135
1594355408385, gacc,1.5993265628539024,-0.6136638130187988,-1.0199304917484522
1594355408528, gacc,4.271105758788809,5.251231844219565,5.2591624180231245
1594355408675, gacc,-1.4133268752500414,0.3896563201904297,-2.653822172027081
1594355408825, gacc,8.159289912469685,15.542109714508056,1.908329091400653
1594355408970, gacc,2.823511872277781,0.7362170104980469,-1.7134997074627316
1594355409118, gacc,-9.813982096453756,-6.255300165447593,-3.0970496311463416
1594355409264, gacc,11.183764429009704,8.473079383032024,-1.7067665861157002
1594355409413, gacc,-7.6951139194764195,18.82081983501017,-4.770895136150718
1594355409561, gacc,-3.514987312316894,1.2909241921573877,2.459743515124917
1594355409713, gacc,-0.20829554443359374,-3.3770214416503905,1.2063780692502855
1594355409860, gacc,8.694842604064942,13.315501878301799,-1.2565067761076614
1594355410018, gacc,5.21726483881846,16.082151826477048,-0.23657712460942565
1594355410164, gacc,9.042600541333108,2.2976848212093115,0.8915402586787938
1594355410318, gacc,-3.1477766326904293,0.6401496688842773,-2.6789623991369966
1594355410470, gacc,15.527743773894755,7.16599491419047,-17.217602329132333
1594355410626, gacc,2.5206452892027795,11.033977479907124,1.9641426024287938
1594355410775, gacc,1.0284592506408692,-2.813635863494873,-0.004938552380725741
1594355410928, gacc,-0.21832126388549802,34.35080715004801,-6.147262253924459
1594355411077, gacc,5.069273394830525,-4.397250039562583,-1.3620010127636604
1594355411230, gacc,-2.116324593441747,3.0494647270202635,4.268861797520612
1594355411384, gacc,-3.7002384465757756,17.617433056530356,-7.274632380775641
1594355411540, gacc,1.5207670674751979,18.732382842144368,2.959532088769227
1594355411692, gacc,-1.8879776466369629,1.2240355987548828,-1.1034269594721495
1594355411845, gacc,3.7666780175691468,12.835614375305175,6.247519302313029
1594355411998, gacc,2.2076035682678223,5.410446546880901,-2.073977626501769
1594355412153, gacc,7.841160074615478,18.315044149780274,0.4311063017580658
1594355412307, gacc,-2.5427919468201696,3.249379981121421,-1.184681785748899
1594355412465, gacc,-9.983521939904987,-6.804919084057212,-2.66908553640414
1594355412635, gacc,0.4692635984558612,8.431928749737143,-8.577377413907088
1594355412800, gacc,0.4801867051389068,10.801440862860158,-0.480186778204143
1594355412955, gacc,-4.271704674530029,0.5849333930969238,3.839401929529011
1594355413120, gacc,4.572177603934146,10.937012897192686,4.717774663598835
1594355413291, gacc,-13.506439168438314,8.416217787723056,4.829703883472085
1594355413466, gacc,0.21218612213134763,9.208099712825101,-0.9880566957669332
1594355413620, gacc,-0.7885904640749096,2.3362919075012205,-2.590227341206651
1594355413780, gacc,6.193949332427978,16.983419698444006,1.168071682938002
1594355413935, gacc,0.26844942275360223,11.90516760899648,3.6233251749009825
1594355414095, gacc,4.179528202874958,6.90906758692637,0.5440822907378897
1594355414253, gacc,2.2093992195129393,0.7047931137084961,-1.5013140785217285
1594355414415, gacc,8.437615563201904,17.158046197509766,8.339752278082072
1594355414573, gacc,-13.502549467523394,2.7864018196105955,4.392762080493569
1594355414742, gacc,0.006134849493205547,10.87311661747396,1.3401536486200987
1594355414903, gacc,2.9625255212644346,0.6763613844722509,-1.5150816148504613
1594355415087, gacc,14.72059912373647,16.71930874328613,-1.5444092700131236
1594355415254, gacc,-6.187813934945501,20.479102590832113,-5.920711067962646
1594355415417, gacc,0.8189667697739786,-0.2442085693359375,0.05790931426361203
1594355415586, gacc,3.825186284106597,20.361936931610106,5.678897430939227
1594355415749, gacc,-11.702109709488042,9.091980512182413,1.3105255492061376
1594355415912, gacc,3.1735143005371094,11.124658160046488,-0.41629181365966794
1594355416075, gacc,5.242703231457621,-2.573617147064209,0.519841108526662
1594355416235, gacc,17.42485092179626,29.69423689673543,8.491934013366699
1594355416403, gacc,-0.5690716609679162,6.794893656866252,0.9808739343811932
1594355416567, gacc,2.3470657419066874,10.790517536981403,-0.5737104266844689
1594355416731, gacc,-0.1728311948805116,-0.8661024505615234,-1.1513112849362195
1594355416895, gacc,8.032397224481404,16.142606002917884,4.181174654907733
1594355417063, gacc,2.2354361443008295,27.49800461730957,-0.6534678540103137
1594355417225, gacc,-4.166808568163961,8.63019901311025,0.565180973672308
1594355417391, gacc,-5.098302651568502,-2.661454420471191,-0.8939351087929215
1594355417562, gacc,6.656778148595988,6.913256855309754,-8.632893147565051
1594355417730, gacc,-3.4415153219360857,18.04854016200602,-2.5719718640752136
1594355417895, gacc,-11.114632842453382,-0.6121680215030908,3.926789851733297
1594355418064, gacc,3.9366659335814416,3.0951036116451025,3.245489841815084
1594355418232, gacc,3.09001651763916,8.263287024169415,3.3859996978759765
1594355418407, gacc,8.252962321770935,13.029843984985352,2.617609990648227
1594355418576, gacc,4.032584130781796,0.809539436340332,-1.6153380969834512
1594355418753, gacc,10.340707155807875,31.004912083545324,10.757447242958005
1594355418923, gacc,-12.899359629180655,24.704569830322264,1.8396449563508852
1594355419096, gacc,2.286612350917142,1.389086460223794,-0.8508389035213738
1594355419267, gacc,3.974524174267426,-1.328632283782959,-3.557484172588959
1594355419443, gacc,6.2964510910034175,11.502343033544719,2.1148276328822595
1594355419612, gacc,6.857591812841594,17.77470276260376,2.0153192839691414
1594355419785, gacc,5.56846371032074,-0.09397299968302249,0.2193681699893903
1594355419954, gacc,7.923011624676361,14.729277666363119,5.572803200829774
1594355420134, gacc,-6.8967971572875975,15.030349109649658,-0.646733394656144
1594355420307, gacc,3.913023046056926,3.4386721343994138,-0.9536405948914587
1594355420481, gacc,1.8944123558595776,0.3983353012084961,-2.287210481207073
1594355420652, gacc,11.382334259851277,15.662119072723387,1.590050090866722
1594355420828, gacc,7.178415127563476,18.193837690734863,1.3263877608257577
1594355420998, gacc,2.4018333971437067,-0.5291179823726415,0.4378398843294009
1594355421173, gacc,6.834847481591999,20.520103878784177,10.091559997558592
1594355421346, gacc,-4.086004405980871,7.882161070306599,-3.914818697302043
1594355421522, gacc,3.36370391411148,9.2098950261435,-0.8195648635312914
1594355421695, gacc,0.558597174835205,-0.6449386567264795,-2.3189346030522136
1594355421870, gacc,5.345653975909576,16.296133599853516,8.685266235815734
1594355422044, gacc,5.463118983404338,27.061213036456703,-1.6612764577452093
1594355422221, gacc,-5.3095910942077635,3.4478000282287597,-2.4456778543661346
1594355422395, gacc,0.32217027235142887,-6.477811866760254,-3.962403163036704
1594355422573, gacc,0.7312788965087383,5.5484124175474046,-9.047538289996236
1594355422748, gacc,3.888033767158445,16.858920043072104,2.897732269873097
1594355422926, gacc,0.46686932373046874,-1.2777554985046387,-1.1487676283353938
1594355423103, gacc,10.228478404998778,25.840319827380775,8.44988650429733
1594355423282, gacc,3.260304402978718,6.967725381469726,0.2512407329950482
1594355423458, gacc,-1.5767314308166502,11.871948791614175,0.10624328319132327
1594355423635, gacc,-2.5577555610656737,1.8212392753601072,-2.224363345215097
1594355423816, gacc,-3.978714246368408,13.689745817565917,3.2212484038755296
1594355423999, gacc,-2.6858456421449777,26.34145557785034,-2.0594627789370716
1594355424179, gacc,0.37514118036478755,0.4761462706416845,-1.0145435380131005
1594355424359, gacc,4.648193031720072,3.462165238189697,1.280748250579834
1594355424538, gacc,-4.233696869305521,9.424176796246693,-7.100453936004638
1594355424724, gacc,4.821921997424215,14.194024542236328,0.3832216109678149
1594355424905, gacc,-1.1119571773860022,1.6270102502018213,-1.6998828864499926
1594355425090, gacc,-7.0130654658110805,19.38869395675659,3.4778771865844726
1594355425275, gacc,-5.15097468623314,20.815489093127844,-7.720252598516643
1594355425458, gacc,-1.1517607457367702,2.7576713996887205,0.3229179489135742
1594355425636, gacc,2.6922795659163032,11.37634846343994,4.037970737457275
1594355425820, gacc,1.2940656593877355,4.707598722021282,3.2998087303712964
1594355426002, gacc,-7.016956153106689,8.231415529742836,-2.0479403911866245
1594355426184, gacc,-5.097704393414408,-4.146458000183105,-1.0027218750551343
1594355426368, gacc,8.683918693664298,10.335468707165122,-10.274117874145507
1594355426554, gacc,1.559224269568175,12.652607878167926,-0.020051731164753436
1594355426735, gacc,0.7414538882382213,-1.3762170417785644,-2.179920501974411
1594355426926, gacc,12.245144683130084,20.077026934051514,-0.6652890785768628
1594355427113, gacc,5.91113448051773,8.515876541424914,-0.3877110313415527
1594355427299, gacc,-0.3856158126279712,3.3626556471675633,-3.4898482040184082
1594355427484, gacc,-4.315698349231109,18.83907562266886,3.067121964263916
1594355427675, gacc,-2.174832713848725,15.894356633758544,-1.1716622913084924
1594355427858, gacc,-5.412392054925486,0.584185205078125,2.253991371563822
1594355428046, gacc,10.565761490808054,31.78886232059896,5.727977761254832
1594355428232, gacc,4.702211813951703,20.89075563877523,-0.4052187771119177
1594355428420, gacc,2.925564644976705,0.054767362976074214,0.10773907470703124
1594355428603, gacc,14.71835558259338,25.66554193714559,10.667216151483355
1594355428797, gacc,-5.344007596942037,26.098294471740722,-3.707121849413961
1594355428984, gacc,3.658789049530029,0.8252513847351074,-1.4466961339537054
1594355429175, gacc,-0.8028058172363788,2.6746231141239405,5.832126191058754
1594355429362, gacc,-20.60719166726442,23.000197523498535,-10.304495038361102
1594355429553, gacc,-4.108150627490133,12.710217771093546,-1.4254479595459997
1594355429743, gacc,-2.672378257806599,-2.8100445610046383,1.1800424355104564
1594355429935, gacc,6.77050272745341,8.586504704948235,-1.047014605768025
1594355430130, gacc,0.8294410915099084,13.842824209429322,-0.9621703036319463
1594355430320, gacc,-1.7929577682495117,-0.24031799163818357,-1.2720696714205666
1594355430511, gacc,8.315062146526946,23.261164919933677,9.164854025213419
1594355430702, gacc,11.715127961819432,16.128838758850097,-4.0536822474606335
1594355430895, gacc,-1.2192474328965879,0.032172084808349606,-2.6029460443358867
1594355431088, gacc,-1.9185032314634765,0.40925884628295894,1.1692682357788085
1594355431280, gacc,-2.252345138726756,19.90060478374064,-4.333055653680115
1594355431476, gacc,0.7269398809237405,1.3015478775024414,-0.7499836700439453
1594355431665, gacc,1.9982607432710007,1.629254229736328,-0.9988314434878528
1594355431862, gacc,-1.9360115914384832,2.5176526832580564,2.085050370788574
1594355432059, gacc,-5.04533123209849,9.755324228845163,-2.655019875645358
1594355432252, gacc,-4.734982988031208,-5.453243193817138,-1.5101420395564287
1594355432446, gacc,0.2255038688659668,7.067533809307962,-8.876801637975872
1594355432645, gacc,5.3526870163515206,9.845555576048138,-0.1852519379764795
1594355432838, gacc,3.7807437422600105,0.5472247169494628,-2.782511680304259
1594355433043, gacc,4.093935055132955,10.994024751159921,-0.41090447633182625
1594355433250, gacc,3.6339494265016166,13.447931449890136,2.318933945465088
1594355433448, gacc,-0.6733689246580005,1.724274692645669,-3.585915390368551
1594355433650, gacc,10.739640751703083,9.127295365695632,-6.787411776678264
1594355433850, gacc,3.3898904217042025,9.409361741892713,1.3850453681394457
1594355434044, gacc,2.0374659050539137,0.10504559783935546,-1.2141599552981555
1594355434242, gacc,6.823175456237792,13.316848616735637,4.689043513024598
1594355434442, gacc,5.435286681365967,15.010746583557127,0.6271314896181226
1594355434640, gacc,3.3045974259525535,-0.1466448516845703,-2.2105969779301433
1594355434841, gacc,1.542464127294719,18.92990506362915,3.061735302789509
1594355435043, gacc,-3.825335556384176,16.17732134246826,-2.804807135275192
1594355435240, gacc,-2.4245777649259193,0.4004302276611328,-0.29628260157480835
1594355435440, gacc,13.34602911851257,28.12812798222005,11.055824442191888
1594355435637, gacc,0.6058826028243638,12.709470167596637,-6.315155645342916
1594355435842, gacc,-4.616170584515482,2.6229969717830417,-0.7849993077151477
1594355436040, gacc,1.9063832180298863,12.667421708679198,5.770175930841266
1594355436244, gacc,-4.957344028826802,27.8426206032902,-11.33205573272705
1594355436447, gacc,1.099985696444474,1.0570394484370946,1.1935095275878906
1594355436648, gacc,-3.2149636610502377,15.01658186558187,-32.15233235239237
1594355436853, gacc,-5.77077440819107,8.859144912188873,-0.8203134899415075
1594355437056, gacc,0.7618051868714392,3.534290563201904,-0.3588306815549731
1594355437258, gacc,-2.4082675218444316,7.6972088459290555,-5.664531490325928
1594355437464, gacc,-0.8915412085268646,1.707963024792075,-0.6694790776126086
1594355437665, gacc,2.426822073253989,3.2653917892456055,2.532915864972025
1594355437873, gacc,8.009203103637695,5.265746984045207,0.21652575877085325
1594355438076, gacc,5.145438423687592,10.541370049938559,-1.0579378585815429
1594355438283, gacc,0.49530097990147764,5.535992788696289,-3.2420483595917
1594355438487, gacc,5.279364206916745,10.481665522821247,-0.5262754524230957
1594355438697, gacc,-4.998644372790679,20.114885247802732,-0.5071221314027905
1594355438899, gacc,-0.4746504791259765,0.31393969268798827,-2.1498433618850075
1594355439106, gacc,1.5840636734008788,19.269881699371336,8.648903932775928
1594355439311, gacc,-9.641749616385065,0.2940384759098291,-0.6221931564331055
1594355439522, gacc,-6.2240261254575096,11.29524502833262,-1.6335934279844164
1594355439729, gacc,3.8346129142873453,1.944091748046875,2.2719477378845214
1594355439938, gacc,-4.077624921649321,7.788188362884521,2.234987542016804
1594355440146, gacc,3.439869235229492,3.2038907341003418,-3.0852285527102645
1594355440369, gacc,1.9542669589720665,3.7915170195430514,3.2725739558346567
1594355440584, gacc,6.740724844305217,6.277746098272502,-4.68949315648824
1594355440795, gacc,-8.416516514941305,6.16117869720459,-3.9719805541992184
1594355441009, gacc,7.414393701757863,23.87677460632324,5.616197959789633
1594355441231, gacc,-1.2639882544368504,4.996699157007038,-2.5442883959230036
1594355441441, gacc,-0.8722375923156738,9.01102678774409,-0.5276221177916973
1594355441651, gacc,1.8851341303067282,0.32501287536621093,0.9020157854202989
1594355441869, gacc,5.183147392095997,3.9531256316035983,3.385250998400524
1594355442080, gacc,2.2872108465332537,8.104073490551858,-1.3412022078249604
1594355442290, gacc,-4.501697671508789,-1.1501146224975585,1.6831236209593712
1594355442503, gacc,6.101772860772908,11.662904474639891,-6.798485251617431
1594355442716, gacc,1.1342531095642596,10.79111594126597,-0.7043444931581616
1594355442928, gacc,-1.3186064912658184,-2.8709464812129735,0.792780316980183
1594355443142, gacc,3.4386720613341777,6.691494072668254,-0.34057584374435246
1594355443355, gacc,3.8862380611144003,9.020903015722707,-1.2253820449277757
1594355443566, gacc,-5.069272956439107,1.7458219230651855,-2.152387146349996
1594355443781, gacc,4.344129493945465,8.136844418036192,-9.741706622381136
1594355443993, gacc,1.1504138063735327,11.44892226287201,-0.19647431986704467
1594355444208, gacc,0.4839278644286096,-2.9493571701049803,-1.686266302899271
1594355444424, gacc,-0.5517136989317835,9.101857068954594,1.2482767581332241
1594355444640, gacc,0.3489548189025372,5.8215010444089765,-0.7426515735901892
1594355444855, gacc,-8.913463216223194,-4.497507234081626,0.17672248496431855
1594355445074, gacc,-2.93828413355723,10.059836789028905,-3.071910152955097
1594355445292, gacc,0.058059097997844214,4.048744644927979,-3.070264353942871
1594355445509, gacc,-4.3297637725278735,-2.6859944029659033,3.713556997027993
1594355445724, gacc,5.717503494317829,9.45739636254767,2.245761741748452
1594355445945, gacc,6.191704256914928,13.549535090582072,0.3233663137355819
1594355446160, gacc,3.974075626782328,2.576010764202475,-1.4875477112367748
1594355446382, gacc,14.926052138220518,10.887033718341216,0.293289849499613
1594355446599, gacc,-0.5603927530150861,17.303943445697424,-9.914687217403388
1594355446821, gacc,-2.0385132221497595,0.6227917068481444,2.879027204076946
1594355447040, gacc,4.085854916790873,19.201048401641845,6.229563812775164
1594355447270, gacc,7.97269138218984,13.954454446355998,-0.8711904944155364
1594355447499, gacc,-5.462670582049713,3.9555204177856442,-1.3169604045592247
1594355447725, gacc,4.434959081036225,11.790395420782268,-5.933879688550159
1594355447972, gacc,1.179144281094335,12.707374948883055,0.3776858964115381
1594355448228, gacc,-0.3553890166684985,2.12620012730062,1.9246388960907235
1594355448479, gacc,-0.8623615104675293,18.063502753338216,-4.159177196502685
1594355448731, gacc,-4.300135855777002,7.842357613836973,-3.6454711566649376
1594355448977, gacc,9.05502046244517,17.132308529663085,1.403301448059082
1594355449222, gacc,1.0503063042571767,3.79241484516561,3.163787472700234
1594355449444, gacc,-1.5752351278442889,14.427309858758747,-0.9457096557617187
1594355449665, gacc,-2.6853967293336987,-0.4103063095092773,-1.6123456189028917
1594355449895, gacc,11.024999369812011,21.909937942504882,7.612963313403725
1594355450121, gacc,9.224858850451557,5.515342507116496,1.7456718470700083
1594355450344, gacc,-6.071396262812893,0.33099837951660155,-1.5275010975711047
1594355450568, gacc,10.627860694509558,40.577229596057535,-2.005293966376036
1594355450791, gacc,5.594201670428365,5.103240838623047,0.7683898807576857
1594355451018, gacc,-2.2806264997068793,15.816694132885337,-2.0612574072688816
1594355451242, gacc,-2.731634310504049,0.34207097767293454,0.6431428593508899
1594355451474, gacc,8.425943830108642,19.21795686634481,5.086480842480063
1594355451699, gacc,4.42433503036499,9.627234086687888,-3.8730700981140136
1594355451927, gacc,-14.505719967695441,14.346655190332234,-5.349844048010557
1594355452150, gacc,1.2231378279312513,-12.215366507720946,-8.722375411700085
1594355452382, gacc,4.3629833570951595,9.220818744747898,9.610474699612148
1594355452608, gacc,1.4423570087708533,19.787627808380126,-2.05587045353353
1594355452845, gacc,1.1658267170228063,-0.4966472068786621,-1.4044989872805773
1594355453069, gacc,8.080729878234862,10.594791259002685,2.1718392676537857
1594355453299, gacc,4.281281773431599,14.701594709667562,-0.7243961512576789
1594355453548, gacc,0.10983385502919554,-3.1028853515624997,2.3243207165373487
1594355453795, gacc,0.7378631154709495,21.47000338745117,0.8364737666256725
1594355454025, gacc,-0.6857895764224231,1.216254443359375,6.547692043194174
1594355454259, gacc,4.208258330535888,3.9273879637569187,-2.1842602482117712
1594355454487, gacc,-2.6614542012754825,5.561580818939209,-2.0470423463683574
1594355454720, gacc,11.199177613653614,-5.098602072906494,-2.1393693324100225
1594355454953, gacc,-1.9385550836425274,12.050465868377685,2.842366283416748
1594355455189, gacc,2.5938183331696316,15.12491949070394,-6.5334777860112485
1594355455419, gacc,-2.2729950549803672,-1.338956693920493,-0.21113807438313958
1594355455653, gacc,8.5435585482724,5.130624812372028,-5.496040133014321
1594355455883, gacc,-6.0080991545637135,8.396914573370665,-3.4745846478451043
1594355456118, gacc,0.4095584868166596,26.350433834075925,-0.025736864129081365
1594355456352, gacc,0.9259573459349573,14.43808318170756,-8.970176306439564
1594355456587, gacc,-3.0909143432617188,-2.2423194923400875,-0.31214440676905214
1594355456817, gacc,2.0744262744515667,16.524630220794677,3.5878617021307346
1594355457054, gacc,-0.5847837554931641,10.808174774225055,-1.65648779869657
1594355457285, gacc,-2.6334720424376425,2.2493524597167966,-1.2743136189890327
1594355457522, gacc,1.9180550241883842,11.502193834332376,0.9995790469847619
1594355457757, gacc,-0.9463079139158129,17.31426727131307,-4.543297034951858
1594355457993, gacc,-0.8628104963440447,-2.2608745552062985,0.03681085052490234
1594355458235, gacc,2.2269070383485405,11.371709989984334,-0.09891001769378781
1594355458473, gacc,-3.066224065576121,4.186112549701333,0.796221726138331
1594355458707, gacc,1.6023196254563516,12.335824486486613,-8.941445539457817
1594355458945, gacc,-0.7974190826967358,0.9261071296691894,-1.5231613878663628
1594355459183, gacc,8.478317283685504,19.131316693767904,5.981014876147359
1594355459423, gacc,6.604255641937256,12.887388693945109,-1.6808795797760714
1594355459657, gacc,-1.2551603664673865,1.528846228569746,-2.927959686887078
1594355459902, gacc,0.08304930847808718,7.2854063065126535,-1.0116991449000314
1594355460144, gacc,-0.9228153946474194,11.879728485704957,-0.2452565440189093
1594355460388, gacc,-1.0645219131469725,6.972663568524271,-20.6326325258553
1594355460627, gacc,-2.3977923781245947,6.892458543561399,-5.424063020833768
1594355460866, gacc,3.596838789312541,14.905401710510253,1.015739688995108
1594355461105, gacc,-5.477634634686634,18.84012250137329,-4.665999541241303
1594355461346, gacc,-3.9103304459720847,-1.222390169635415,1.1893196472831535
1594355461585, gacc,6.34268940282613,13.036876952362059,2.1218612852455583
1594355461828, gacc,5.780201650293171,14.318673542951046,-1.1558002669185399
1594355462067, gacc,-2.99799004891403,-0.7038958726078272,-2.3122009200161786
1594355462309, gacc,-0.014813684380799531,12.173617762402444,-0.14709323477288708
1594355462548, gacc,0.04414250858724117,10.555586060687155,1.7483657257964833
1594355462794, gacc,-0.30436230152547356,3.1109663666874168,-2.9924519232049582
1594355463038, gacc,-6.549488571222126,6.448931224712729,-4.176834689474664
1594355463283, gacc,-1.970876879119873,18.223615573883055,1.0853211336442037
1594355463523, gacc,0.11207885747700928,8.28648216792643,0.7978681051058695
1594355463775, gacc,-3.39318259511739,1.782483135986328,-4.251952547366358
1594355464016, gacc,2.9598318754334003,13.434912978363036,0.6727707761017605
1594355464264, gacc,-2.9083564666748045,1.536179055675864,-4.982483767312951
1594355464507, gacc,-2.938433478900045,6.667701693670451,-3.2122703668456523
1594355464756, gacc,14.217517353765666,24.595782707867023,2.8901007703476584
1594355464998, gacc,-1.5952864936828612,14.987403701892495,-1.3115733823252143
1594355465246, gacc,3.438073903644783,-0.8391676818847655,-2.0135234500609336
1594355465491, gacc,-6.408978861291706,5.085733238983154,3.540276871069893
1594355465739, gacc,-4.783166004180908,2.291550263977051,-1.3962679692257194
1594355465985, gacc,1.977161676744092,18.88366704406738,2.190844083581492
1594355466234, gacc,0.3094507107056677,17.28224540863037,-3.671957231726125
1594355466481, gacc,1.363796828405559,-0.9603741409301757,-1.3254898941040039
1594355466731, gacc,6.748356654357909,6.580912760272621,0.2531867524962872
1594355466979, gacc,2.289754831927642,9.595511268029734,-0.015562128127925097
1594355467227, gacc,-4.128651088803075,-3.8657372710078954,-2.6213513965331017
1594355467478, gacc,0.323067431253707,14.456040278680621,-5.9220579525269565
1594355467732, gacc,-3.0343507445186373,0.2093430076599121,2.331204831761587
1594355467982, gacc,8.020426216180622,18.745850811004637,3.576488440527394
1594355468234, gacc,2.8155816638004034,17.843685697937012,-1.664717830370739
1594355468480, gacc,7.648426585244573,1.9774609336853026,-0.7591117830689996
1594355468733, gacc,0.649427291648928,11.684751564788817,-1.132157543790806
1594355468982, gacc,-0.9846151404783129,7.098808214624226,0.8277956623904407
1594355469232, gacc,9.731382285308838,14.376582418823242,2.8360814857925285
1594355469487, gacc,1.977161274885293,20.573824363055824,-1.1653779503419994
1594355469742, gacc,4.513369623797759,0.5494692810058593,0.6539165019601118
1594355469992, gacc,-4.6646529124053195,10.212467217929103,-8.191760651431046
1594355470253, gacc,-1.7256211388185618,2.5510212843745945,0.19677301055267452
1594355470503, gacc,2.132934330926463,9.319878664906927,0.6923729597009951
1594355470756, gacc,-0.5403410949155688,15.567398469543456,-4.761168838036805
1594355471007, gacc,-1.2448350795470178,8.69618890410736,-0.731279462764319
1594355471262, gacc,7.198167291259765,12.67310735310018,-4.782118632286135
1594355471515, gacc,1.7883185641415416,9.809792243548483,-3.0831333339966833
1594355471772, gacc,0.07990677266865968,11.945120703069865,-1.4579192464966326
1594355472038, gacc,5.531951988872885,-2.070385885620117,-8.028207663837074
1594355472298, gacc,11.046546600231528,2.0458453186035155,-2.4097642632082104
1594355472552, gacc,8.224232340240478,2.1052514472961423,-16.723648233795164
1594355472812, gacc,0.42661680831909177,-0.12958616485595703,-6.877493760272115
1594355473066, gacc,6.323984263964742,-6.493523888220265,-9.613018648473918
1594355473325, gacc,4.754436095715686,-7.638850198729056,-5.056554061513626
1594355473580, gacc,2.5843909814696757,-5.663483880969137,-5.266495391259714
1594355473860, gacc,0.9807247089110315,-5.728875659942626,-6.808660243346914
1594355474230, gacc,1.487996395719191,-8.787916755212098,-7.059153957366943
1594355474551, gacc,1.7949032762940973,-5.864297618279978,-8.066214875406539
1594355474836, gacc,0.7659949301788583,-0.47764319466855376,-9.907056795590185
1594355475128, gacc,0.14604629670295396,-0.6506243102806154,-9.450512356921285
1594355475415, gacc,-0.13048396992891792,-0.3437175758361816,-10.226084422534331
1594355475686, gacc,-0.2196679931861814,-0.28356325912475583,-9.668534665259672
1594355475954, gacc,0.08873511729585007,-0.49245732657392505,-8.68062688557729
1594355476224, gacc,-0.1271919723289553,-0.4236240379775874,-9.935488113834475
1594355476537, gacc,-0.4188356437904294,-0.6807014583615295,-9.401880245297216