1594355167617, acc,0.006273204226192319,0.04394772123408038,0.0736162805225933
1594355167638, acc,0.006273204226192319,0.04394772123408038,0.0736162805225933
1594355167667, acc,0.006273204226192319,0.04394772123408038,0.0736162805225933
1594355167716, acc,0.006273204226192319,0.04394772123408038,0.0736162805225933
1594355167731, acc,0.006273204226192319,0.04394772123408038,0.0736162805225933
1594355167747, acc,0.006273204226192319,0.04394772123408038,0.0736162805225933
1594355167766, acc,-0.052979662141972216,0.05314211812810972,0.29360631330395115
1594355167785, acc,-0.12387038102503865,0.12598668819242156,0.24217540127420797
1594355167799, acc,-0.11481902303062379,0.10731192620298824,-0.0034823245487816163
1594355167823, acc,-0.14353486643787472,0.015016893644077935,0.11664435702795162
1594355167833, acc,-0.09066261475970969,0.11119639382036402,0.28887380488933995
1594355167850, acc,-0.12224042346933855,0.04488653188757598,0.4454902164194733
1594355167872, acc,-0.08807875401265919,-0.10471479498241096,0.43552638322263953
1594355167885, acc,-0.10023318345579318,-0.08958259183750487,0.578658441013284
1594355167903, acc,-0.08250223252195864,-0.24925178766753522,0.4969766945613548
1594355167923, acc,-0.2225389181131497,-0.22760069501474497,0.7502936858411878
1594355167937, acc,-0.30889819138944147,-0.19954172634733838,0.9563756458785384
1594355167950, acc,-0.352826290041022,-0.29874873596001417,1.9292654964454472
1594355167971, acc,-0.0651121309150476,-0.11685068412185647,1.6409871914975345
1594355167989, acc,-2.26238320620358,-0.013361606425943319,2.3401889149397612
1594355168003, acc,-3.6918361636072397,-0.28867327734855935,3.240413123072684
1594355168027, acc,-4.593711353817582,0.723392892499268,3.0458947595790025
1594355168047, acc,-4.4448757140904664,2.6882471503287553,2.302399428641051
1594355168070, acc,-6.386334191024303,2.645435013562441,3.083257398767769
1594355168087, acc,-8.37443634571135,1.4416677113324403,3.2175553945764896
1594355168106, acc,-6.437936367967724,2.9866902909383177,2.28413823415488
1594355168128, acc,6.2291059860050675,7.1931053316950795,-6.569693447121978
1594355168156, acc,2.6381886956959963,6.167129130041599,-3.5099928650304673
1594355168176, acc,0.3029696781232953,3.7330791513606902,-0.44143564379904415
1594355168203, acc,-0.3598330269979313,2.6528485046893358,5.891425352245569
1594355168223, acc,-0.8402771774966269,3.907655966065824,0.4712235003519803
1594355168251, acc,0.46136970340088007,7.256153616282344,-2.5398598388910294
1594355168273, acc,2.1439995494939383,3.710378659252822,0.7063662813093513
1594355168301, acc,2.1131835554696616,2.0409164838992058,3.6676805042549967
1594355168323, acc,-0.1687653884800151,2.731892523048818,-2.074680660204589
1594355168352, acc,3.8656864176034924,1.26410106716156,1.3980468885317443
1594355168374, acc,3.1160990534007547,2.210872653066367,3.098298900555074
1594355168405, acc,3.0587206311434505,3.229589238980412,1.2196961082458495
1594355168429, acc,6.646115592545271,1.182785012216866,0.7457441327780485
1594355168457, acc,4.458177094212174,-0.3091563308689743,3.9518841071099042
1594355168482, acc,4.295132896390557,0.005595025261770934,3.274228591173887
1594355168511, acc,6.755326493370532,-1.6891259301140904,1.04957408099249
1594355168537, acc,6.012483342730999,-1.4738364351399242,1.5122358700305223
1594355168566, acc,4.894171971729397,-1.5238979585126042,1.8431446715675293
1594355168591, acc,4.546416226418316,-2.3342824673749507,1.4418898296505211
1594355168622, acc,3.564199671514332,-2.8387156519547103,0.3082974490173161
1594355168650, acc,1.930218559386581,-2.6790055669918655,-0.943255686738342
1594355168680, acc,0.7127290943395346,-2.2600312362499535,-1.89131205175668
1594355168707, acc,1.9032061954289674,-0.7783229717563838,-0.6210457399636506
1594355168738, acc,2.0216737310297788,0.18325586878843605,0.29784400567263364
1594355168766, acc,0.20889979393705724,-0.0780583043909166,-2.3679843920990824
1594355168799, acc,0.16560822135703637,1.5169690360322594,-1.7387508156351743
1594355168825, acc,1.5517552488617599,-1.2970280619904397,-2.561262692403793
1594355168860, acc,-1.8952052598029374,0.20362344270301982,0.12412521430263294
1594355168889, acc,-1.3763799772553145,-0.8136248790230601,-2.643725871556997
1594355168922, acc,5.008014039486646,-3.208255651311576,-4.337743957626819
1594355168951, acc,6.220181505793333,-3.9091912128090858,0.5451789999334141
1594355168985, acc,7.180116670784354,-0.1250583395674359,-0.5279417051348835
1594355169022, acc,-2.816256275126338,0.7932081139381975,-1.7594418676167725
1594355169069, acc,2.9764640804782507,1.8796512784488497,0.2751085701155476
1594355169101, acc,1.317992231824994,0.4161807179680094,1.7570942815773187
1594355169137, acc,5.442300944042206,-1.3636094891399144,3.131213912685215
1594355169173, acc,7.590861956232786,-6.554031183087825,-2.4714342451795934
1594355169211, acc,-8.12068194939494,-0.9216414554972201,3.375881039443612
1594355169247, acc,-4.345070354992151,6.68587944765687,3.1242943425551055
1594355169285, acc,0.25406768178297207,-1.478793765286356,2.9332652824819085
1594355169320, acc,3.3254017290502786,1.089664099318534,0.9289158304143696
1594355169358, acc,2.4952578960984946,2.3623471168644725,-4.334556559762358
1594355169394, acc,-12.381092491972446,-3.221012841553986,-4.859020578849315
1594355169433, acc,-0.09426860336242243,-1.2414531820237635,-8.116295697134733
1594355169474, acc,1.864443772444874,1.2741982444144784,4.911058224600553
1594355169513, acc,-2.040664993356168,0.8812345532417297,4.340995360638201
1594355169549, acc,-1.0188011223923414,-0.6762833507999777,-6.6756070599675175
1594355169589, acc,4.697234564395249,2.1033945673830807,-0.9131011522974818
1594355169626, acc,-1.665007534032315,-1.0659886246986687,-5.236623473152518
1594355169670, acc,6.569866465601325,-0.3461732253599912,4.356566731518507
1594355169708, acc,1.1705415436502546,0.574648584317416,1.9994556156113743
1594355169751, acc,1.6487449660174547,0.08089905337532982,3.6236031698584554
1594355169790, acc,-0.17233150173006578,1.1374473755609242,1.0256441932201386
1594355169833, acc,0.6673281101237982,-1.004714290981367,0.9060943422753364
1594355169869, acc,-0.7069000959251076,-0.1433380469578318,0.6846098651185631
1594355169908, acc,-0.6717642659403383,1.3457545373670756,-2.4337626861721278
1594355169945, acc,-0.1254824741304852,-0.038474016230460255,-0.504867849669978
1594355169987, acc,3.326389278782904,1.569423884282261,1.7837731757968662
1594355170026, acc,-0.7140256369560957,-0.5192698114447295,-1.6722462531141935
1594355170067, acc,-4.154071690057218,-2.9261577885642645,-4.877206808403134
1594355170106, acc,-0.6149726305950433,-0.48002903035916383,3.5846488775640726
1594355170150, acc,-2.5418083426102993,4.58177833943963,-0.03766915013795951
1594355170189, acc,-4.659368651859462,3.710857090419531,1.2588238574109971
1594355170232, acc,3.353986895282566,0.07731974271698855,1.7043914499156176
1594355170276, acc,5.4329275510191914,-1.2962772436231373,0.8639104204099625
1594355170319, acc,3.0230972368374465,-2.3254497570998964,0.6612026129808276
1594355170367, acc,-2.4417310347028076,1.5130768508993089,-2.850471263939142
1594355170416, acc,0.9014329263355583,2.684672214451432,2.957235356134176
1594355170462, acc,-1.6973009071327745,-1.1605013572815805,-2.4346099506512284
1594355170507, acc,2.293999264564365,0.37544074783325193,-2.144944867520034
1594355170550, acc,-0.5375739317571744,0.5960454464808106,-3.7401217633485793
1594355170596, acc,0.6286632292300462,0.5823784844497218,3.517748301462829
1594355170638, acc,-0.4186472542120144,-0.8709212490200996,0.40275896286964413
1594355170684, acc,-0.563473767895624,-0.5454866776430979,-1.1275823996286838
1594355170728, acc,-0.0326817148309201,1.8135038588024674,0.7565989234652369
1594355170776, acc,-0.8678813698675483,0.5902452723020687,0.2788198274573311
1594355170821, acc,-0.28602950310781594,0.16864985407525673,1.6809215808704494
1594355170869, acc,1.3032779161654413,-0.48255657607540486,-2.1421854858092964
1594355170914, acc,0.1372270532642491,1.262346332448721,-0.3496777994148433
1594355170962, acc,-1.146120219099149,0.1968844898368232,1.654114822487533
1594355171008, acc,0.2061647064173594,-0.0046335138672890025,1.1288358337558806
1594355171057, acc,0.722014224557206,0.37808315210081633,0.5626398743547499
1594355171104, acc,-2.2690119766935704,-0.2851598989327438,0.6057536244161427
1594355171158, acc,-2.102657777541131,1.702140602248907,1.306283966113627
1594355171206, acc,-0.22890039770277215,-2.3513326786361635,1.8467944262467324
1594355171258, acc,-2.124114407067746,-2.8056507099598647,-0.08115755818104371
1594355171306, acc,-0.2373504105368629,0.41753600503448396,1.322302203978598
1594355171357, acc,0.6823294990964234,0.09734646730464883,2.955491727337241
1594355171406, acc,-1.6208404755257069,-0.22587809073952958,-0.3009960947616957
1594355171457, acc,-0.4602894338835031,2.564015205982327,-0.20823674518475307
1594355171507, acc,0.1652729249880649,-0.2485012432948686,-0.47609198317117984
1594355171560, acc,-1.2844123260453342,2.055020997097343,1.3446911459192632
1594355171609, acc,0.605836918785423,0.7779613719023764,-0.30627704910561443
1594355171662, acc,-0.12306759500848129,1.0114504673685878,0.43050157733056693
1594355171713, acc,-2.1478211536087093,-1.5081553227186202,1.3509522521406412
1594355171770, acc,-3.030605420510471,-2.0113968132957813,2.857891769328713
1594355171821, acc,-2.8325854786366222,-1.896678108834475,0.25338693297719583
1594355171878, acc,1.3005993446059525,2.963155393832922,-1.3817594783365725
1594355171929, acc,-2.2634588726110754,-2.487083941993117,0.6900909999433904
1594355171985, acc,-1.1049948663759976,0.4036056428268552,-1.750116113127768
1594355172040, acc,2.6448575059354305,-0.293384797774069,1.2525506223604082
1594355172096, acc,-0.1821797822558321,1.6013235818900167,-0.3580874254396185
1594355172149, acc,0.1721882390681654,-2.2089448998741803,-0.618820830455795
1594355172206, acc,-0.25229873588168994,-0.8714719417054205,2.422187545321137
1594355172262, acc,1.6727331598483024,1.1616005506951361,-0.5253320340931416
1594355172320, acc,3.424971818087995,1.4132994027212262,-1.7638772197157144
1594355172376, acc,-3.124481389559805,-0.2510134635778144,-2.272285883797705
1594355172437, acc,-2.9331287966206667,0.03757272914233617,-0.910777458590269
1594355172495, acc,-1.925779261764884,-1.9456557824932037,2.851070398876071
1594355172555, acc,-0.7071703642338514,0.9040743807550519,0.9731826229684054
1594355172612, acc,0.3712731067597866,-1.7176609735943376,0.6638176908500493
1594355172673, acc,-1.0258934187408537,-0.31433519481159744,1.5107111446812749
1594355172731, acc,0.5297246064962818,0.9326888461470604,-0.10376601549074985
1594355172792, acc,0.3845962237892672,0.8549573716908693,1.3339505561962723
1594355172850, acc,3.8000852336630224,0.927390009086579,0.9071144791033119
1594355172911, acc,-1.7569481511048972,-0.47559871976152057,0.25831147509887814
1594355172970, acc,1.0872202863629907,-1.1264119676098228,-0.05147962827598676
1594355173033, acc,0.6481973662614822,-1.2015803866449744,-0.04254601034314837
1594355173092, acc,-4.241452159607411,4.961202603951096,0.05241391801799181
1594355173155, acc,0.4901637631434947,-1.664111315844953,0.31294867235664275
1594355173216, acc,0.13004954458400605,0.10425694994600489,0.24164396127862856
1594355173280, acc,1.3027891097351907,0.3927973581625148,-0.2903618697563186
1594355173341, acc,0.8139945891182869,1.35032462176159,-2.2652973400846124
1594355173404, acc,0.3328938013417646,-0.3023719496921636,-0.3603230755371973
1594355173465, acc,-0.20894118539337067,2.44151213125512,-0.24538382366038858
1594355173530, acc,1.4996543286159634,1.221480726640299,-0.8539446144517511
1594355173592, acc,-0.5435589975161478,1.961204795411229,-0.6034269350342453
1594355173657, acc,-0.50667902727779,-3.4997181392535563,-1.4996702568374574
1594355173720, acc,-0.22048657042691483,0.6042692676099017,-0.42777255422547455
1594355173786, acc,-0.9811970756631344,0.5499449356935918,-0.7062490116052329
1594355173850, acc,-0.43335996243637054,0.9659733491767197,-1.2494887505717576
1594355173916, acc,0.4056597623450681,-0.5914375873591751,-1.922479635697603
1594355173981, acc,0.11609563710400835,-1.1389344723135233,-2.2464622912332413
1594355174049, acc,1.0138481761600822,-0.02680270554559538,-1.7133564082682131
1594355174116, acc,-1.0857783439263702,-1.4535264914304018,-2.3079832201227544
1594355174186, acc,-0.9873906696062534,-0.3499512095287442,-3.056209232844412
1594355174260, acc,-0.2516004514192231,-0.02457737362934276,-1.233069822951406
1594355174338, acc,-0.011845474233460844,3.5964696637392044,-1.990070678281039
1594355174420, acc,1.156110501911491,0.41013044148571787,1.6135820288300513
1594355174492, acc,0.9720437551315874,2.270098895147443,-0.8719638168755918
1594355174561, acc,-2.9750054061025377,6.735306034126878,-4.559897347021103
1594355174631, acc,-1.5847930105887353,3.402626715289056,-2.916824727551639
1594355174699, acc,-4.413874426627159,-5.283177134534716,-3.2897853490069506
1594355174769, acc,0.7530253758274018,-12.561743658155201,-3.143948891095817
1594355174838, acc,3.3244331762790678,-1.7175487453915177,0.6638091422174126
1594355174912, acc,2.8485888111934066,9.648934303724765,-2.241999612735957
1594355174990, acc,-0.14163875049296765,3.7364874984994527,-2.378240705436468
1594355175061, acc,-0.5458392539404332,-10.483333456033467,-1.3332323249243199
1594355175133, acc,-0.3218406385382637,-10.052261421871185,-0.6978937826488166
1594355175217, acc,3.8470603353276847,15.53939870198369,0.7912826988335698
1594355175288, acc,-8.020286223188043,10.04148985248804,-3.344678968711197
1594355175362, acc,-2.105962372044474,-3.3561452423602343,-1.7630455911971628
1594355175433, acc,-0.7308521955292672,-14.014991332644223,-0.7684601147159934
1594355175508, acc,8.234494791057706,0.05165172430672683,-2.4233606807537376
1594355175582, acc,-3.521741170491278,10.222252077829838,-3.588818272203207
1594355175661, acc,2.3588754952311515,2.024399941123277,-1.0439710002884268
1594355175734, acc,1.0652446013983339,-11.739944459700583,3.242230693888664
1594355175810, acc,-0.6088594449443743,-8.842340857708454,-1.3040984387680887
1594355175886, acc,2.9861414248839018,22.789673781621456,-5.716027868807315
1594355175963, acc,-7.276889530318975,8.957728401342035,-4.267167615622282
1594355176038, acc,-2.0449017541430887,-4.431844967603683,-2.891247803224623
1594355176115, acc,0.21674163001123814,-15.772400817650556,-2.1403945107392968
1594355176191, acc,7.277786771419644,-0.18935188410859555,0.49885443459935486
1594355176269, acc,0.15888044747198,6.3370058042317625,-4.479655935570597
1594355176351, acc,2.2267225486271083,-0.8652371389690786,-1.889469346499443
1594355176431, acc,0.95900942844823,-14.785600442087649,3.380875486730039
1594355176508, acc,-2.388180646301061,-6.848297622534632,2.7395968138158318
1594355176590, acc,-3.648649348309636,7.24567781497538,-3.4379105023771523
1594355176668, acc,-3.656211892518401,8.263950602644682,-4.129802048936486
1594355176749, acc,-1.1708363618783653,-7.356950324505567,-1.359435564456135
1594355176829, acc,1.2560570230461656,-13.359516668856143,-2.6601687645748258
1594355176911, acc,0.04196271686274558,24.199748669338224,13.103394374364614
1594355176995, acc,-13.175105857878922,5.34165679603219,-5.94388560732305
1594355177076, acc,2.227708783185482,-7.705588405609131,-1.8351798301681874
1594355177158, acc,-0.3111808589665219,-12.030624857354164,2.742830681170523
1594355177241, acc,3.004240852937102,7.599202499076724,7.8007965000450605
1594355177324, acc,-1.4492784785971045,9.865770882010459,-4.016697647804022
1594355177408, acc,-2.7636586574047803,1.185671235177666,-1.963155344957113
1594355177496, acc,3.8599367680355905,-15.048703096985816,-2.304725387370586
1594355177579, acc,5.166349328964948,-5.999727906054258,-0.0829638860838022
1594355177662, acc,10.750482171452045,12.485659950906038,0.7268691903077066
1594355177751, acc,3.743757197241485,2.902458640807867,-4.805647885102033
1594355177833, acc,1.5932324837625025,-8.85984027404189,3.302761442697048
1594355177918, acc,-0.9107385878846048,-10.013227050077914,-0.5581541072428227
1594355178003, acc,8.064116012564302,14.248497306179999,-6.642308016955852
1594355178091, acc,-5.179299995952844,10.906231536090374,-4.263275868880749
1594355178174, acc,-0.34029432338923216,-8.225611227378248,-0.23826829256676135
1594355178262, acc,2.2828464407786724,-10.90737602995038,-2.8281486652329564
1594355178347, acc,-21.509902851641176,-15.93173914669156,-1.8177867968186736
1594355178435, acc,2.7689471192017194,6.092336631646752,0.10931585903707891
1594355178520, acc,-2.9137936892926692,-14.285803831267357,2.0880077592894435
1594355178608, acc,-0.8262365963801741,-7.734782351389527,-0.7269221626039594
1594355178694, acc,5.385679477632046,16.85604945607185,-4.21178124396503
1594355178784, acc,-5.347930469474196,6.979370226556062,-3.75828578107059
1594355178870, acc,-1.6444290025144814,-10.696776300227642,-0.9759121940627693
1594355178963, acc,3.2202360119625926,-9.319571416455506,-2.1928088808484376
1594355179052, acc,-10.993273859727381,-7.12557259517014,-2.9045410000398753
1594355179143, acc,5.977870294511318,5.771305519393086,2.101994199065864
1594355179233, acc,-1.3782624300010502,-13.137242867952585,2.6383649290457365
1594355179330, acc,2.402776596277952,2.8542101582065222,4.288190822167694
1594355179421, acc,2.953195433093607,14.487593647068739,-2.7968106931611896
1594355179513, acc,-2.018964033679664,-4.757494679568707,0.13141443972904235
1594355179603, acc,1.4765220209620893,-15.313009866976737,-0.8975410334635525
1594355179695, acc,5.980265080693364,26.378652212822434,6.2733396800070995
1594355179787, acc,-0.11831265556635334,2.540719962851703,-1.6548004666641354
1594355179881, acc,-0.8380920154772699,-13.178746260207891,2.862107633458078
1594355179971, acc,-2.143733592034131,-1.6880010177373885,13.946761261504887
1594355180071, acc,-4.0980195479676125,10.683130052191018,-2.933796612879634
1594355180161, acc,0.6020378552960232,-1.0721801728151739,-0.3309778481852263
1594355180255, acc,1.0125389932576567,-16.081609390163422,-2.055313404172659
1594355180362, acc,-1.9248226916924118,28.904399355208874,6.608676380988955
1594355180459, acc,0.3749536584360525,4.195917904400825,-3.313107187883556
1594355180551, acc,0.3541829288143664,-16.20783572319746,3.1389868847742677
1594355180647, acc,-0.9436265658773482,6.2614242012858385,2.88817614069432
1594355180744, acc,-0.8156008552711457,2.1214270676799116,-2.597194422006607
1594355180841, acc,-1.0954025699052958,-4.961759653311968,-1.6781028701879084
1594355180935, acc,1.4950632014334202,-7.248590487551689,-2.2617516303017733
1594355181033, acc,-20.28095493092537,-12.379483887732029,-1.6509442296274006
1594355181131, acc,1.367854433233291,0.043743613496725446,-3.332899975851178
1594355181230, acc,-3.671482819147408,-12.931813818866013,0.328398206955567
1594355181327, acc,-8.366586216732859,5.91417552871406,2.54709446631968
1594355181427, acc,0.5695529416788369,3.2572651814132927,-2.6133137821584937
1594355181522, acc,-2.5433260536968705,-14.929825373148917,-1.1415996729347855
1594355181621, acc,11.636882729154825,4.4192868070647116,6.565505932304263
1594355181721, acc,1.6889020582303405,15.88970150142908,-2.1647817868903276
1594355181823, acc,-0.42959900246765464,-10.67863157172799,1.4705221960254014
1594355181922, acc,-0.31498478129412977,4.344957834528386,9.03406812917888
1594355182026, acc,-8.04522309604585,4.652091646593809,-0.4402649925844744
1594355182124, acc,-7.5973185850262634,-3.335387701013684,-4.772548456315696
1594355182224, acc,5.506724024114012,-11.429689593005179,-2.23474832643345
1594355182325, acc,0.5382403963092715,15.660384211754797,1.9124501168534158
1594355182432, acc,1.0364742147922514,4.441116946078837,-0.4614909186277538
1594355182533, acc,-3.5317101913198825,-9.872884513407945,-0.15011814468516968
1594355182637, acc,-4.6216073687419295,-9.337446680364012,5.279643699711561
1594355182738, acc,-6.149747787129878,2.559670454776287,-0.8299040328465401
1594355182843, acc,-3.433802482536435,0.09808159491247496,-2.6983047262236473
1594355182946, acc,1.5057123134806751,-14.398525370562076,-0.16927174883326515
1594355183054, acc,8.770677889510988,13.450594531619547,-2.0629010828226804
1594355183160, acc,-1.1493712567843497,-0.22617402321249244,-0.6139448949825018
1594355183268, acc,1.870624214645475,-15.073203916513918,4.956676650959253
1594355183372, acc,1.7172335419625042,4.959866386911273,-1.6234860215984284
1594355183478, acc,1.302715021585673,0.11616696704085916,-2.9760476086318493
1594355183581, acc,4.8086812614485615,-9.020392655047774,-0.9747487763065844
1594355183688, acc,-1.8249544964909552,9.90721114590168,0.4441847233114764
1594355183802, acc,-1.9226319036498665,-3.770834589259326,-0.9577085749827324
1594355183909, acc,-0.8751742302894592,-12.235243759101628,2.9518907802358267
1594355184017, acc,3.1578739560738205,4.948453012493252,-0.796846616571024
1594355184126, acc,0.6336963280264288,-6.868701528137922,-2.1198240163974464
1594355184232, acc,6.211462192764878,-8.180953170484305,-0.44121674035135655
1594355184343, acc,7.7170000264614815,17.96131254492998,-6.885105550450086
1594355184451, acc,-0.9151995858814567,-3.020603374195099,1.4252933535061776
1594355184561, acc,-1.9501896265305578,-10.197080227172375,2.926871197530627
1594355184669, acc,-8.635174025043845,9.907011239415407,-4.707217029227316
1594355184780, acc,1.4047211055986581,-8.790902931416035,-3.1766859163105488
1594355184888, acc,1.074639110274613,-7.26733084385693,-1.0723908198911696
1594355185003, acc,-2.4360038892276585,12.146352008205652,-5.073251358550786
1594355185120, acc,-2.8703046761780975,-14.513403795629738,0.9563378711514174
1594355185234, acc,7.10073099938035,20.62577374600172,5.602936327156424
1594355185345, acc,-2.1907791285865006,3.1773242142140865,-3.6518449294805526
1594355185458, acc,-3.4702024141728876,-10.91230121139288,-0.6365056132934988
1594355185567, acc,6.086940325561166,-8.613989198195934,-1.5824156139329075
1594355185684, acc,5.2028059592247,7.894742027199268,-7.378178990495204
1594355185798, acc,0.06515217066449112,-9.101076549568772,5.811856140968203
1594355185912, acc,-5.0685547251671546,7.990698309653997,10.759660334163904
1594355186025, acc,-7.052879699403047,2.6184309790417553,-2.3070190512657165
1594355186140, acc,2.393166471889615,-13.45583301679492,-2.588318457111716
1594355186251, acc,2.8530408221662045,-3.6132092016160486,-0.6493551579944788
1594355186375, acc,-1.5339469127096235,2.965320462912321,-4.687186048589647
1594355186487, acc,2.4828838599547742,-8.948941283774376,2.713631766954064
1594355186604, acc,-0.18684043101062997,13.714268848925828,-4.135466942830384
1594355186716, acc,1.9919382257185876,-4.0719454877734185,-2.006999016728252
1594355186834, acc,0.8150886679653078,-12.288941447019576,0.22332798613160848
1594355186952, acc,10.307356126880645,17.12407495432496,-10.91558037919402
1594355187070, acc,1.4067700009524822,-10.146810175615549,-0.6695129798822105
1594355187185, acc,7.654166845929622,21.866659941792488,-2.6314833528384565
1594355187304, acc,1.6202008624479174,3.4527822005555033,-2.084572085752338
1594355187421, acc,1.5152226307563483,-14.649896671134233,0.17802753968089818
1594355187543, acc,-6.16902941070497,21.244838541281222,15.986764868342876
1594355187663, acc,-3.7694977876976132,3.6207241072908043,-5.5947594504415985
1594355187783, acc,-3.1116832827851173,-11.663190890365838,1.8672931705266236
1594355187901, acc,3.0342797251090405,11.367871726995705,-1.3300060563541949
1594355188023, acc,-4.815673896814882,0.842699728468433,-1.3635533750385045
1594355188140, acc,0.4290669779501855,-14.886580105662345,0.3147413644596934
1594355188261, acc,-4.436489578539133,19.504068056386707,4.981518831270932
1594355188381, acc,-0.5584197724416852,6.394763581195473,-3.347391442540288
1594355188503, acc,4.230932811419666,-16.29744526697397,1.7091675782762468
1594355188625, acc,-1.220722455618903,4.360736126157641,-6.393945250549912
1594355188748, acc,4.1218019900932905,0.7838097326043992,0.3846461273455992
1594355188868, acc,-0.2216013084694743,-15.134415048801898,-2.1193968770265577
1594355188993, acc,1.5126637400537728,-2.600728733612597,-20.661721842217442
1594355189116, acc,-3.383452059219777,-9.263359699890017,0.04240067445517052
1594355189240, acc,1.3482143516093492,-6.021496085748076,3.641056408962607
1594355189367, acc,-2.1596479311332106,5.097593188124895,-4.696468548458815
1594355189491, acc,1.2460580454707144,-6.800984667217731,-2.2896046828672287
1594355189614, acc,-1.9435754690878093,18.138981480431557,4.060833726650476
1594355189741, acc,0.806497584426403,8.67501854417622,-2.168760481262952
1594355189865, acc,3.66643342680335,-14.433229604196548,1.2372601142480968
1594355189993, acc,12.340697353219985,17.07516917685866,-12.451820809668302
1594355190117, acc,-1.9817783584930002,4.673533663073182,-5.266427659785747
1594355190250, acc,5.13531355471015,-13.738784866023062,-1.8827407688967883
1594355190380, acc,13.137309503448009,19.828322222340105,1.2176202518198638
1594355190508, acc,-6.490634523454308,-11.131800871407986,-2.3652475144810974
1594355190633, acc,-2.4331505456231532,-5.459436787760257,0.7595122536286711
1594355190762, acc,4.367960524453222,9.523996256935597,-3.2426284610345957
1594355190888, acc,0.6996145420268177,-12.649744597691297,0.3339306701088324
1594355191018, acc,-17.562922298663853,-14.902322449195385,-4.183753711615503
1594355191144, acc,-4.348097593858838,-4.501859291811287,-1.163014582211524
1594355191274, acc,0.645941111767292,-7.242799629190563,1.4215201185777782
1594355191402, acc,-5.023589209759235,4.845687050023675,-4.039473835496604
1594355191536, acc,-4.513692352946102,-11.485344260209798,-0.6075939915858208
1594355191664, acc,4.450349761587381,-5.139978623911738,2.391420212744176
1594355191797, acc,-0.03723632081180112,10.931063195008038,-1.2010996904559432
1594355191928, acc,-4.380151020723581,-16.42911700593233,5.574391200673579
1594355192061, acc,-2.2946055598944426,9.31130510789156,1.5930498206719754
1594355192191, acc,-4.1304327480554575,-0.8979088438626378,-1.2459931635409593
1594355192324, acc,-1.3643271358899771,-12.497920882064104,-2.266199111229926
1594355192458, acc,3.1612080689325928,8.389097908270358,-1.6310408208921552
1594355192602, acc,-4.372675570276379,-11.288275043189525,2.06871576045081
1594355192733, acc,2.1096043818086385,16.168751082521677,5.105701091256737
1594355192870, acc,-8.048444980701804,3.1699925561517475,-4.373607298168539
1594355193001, acc,0.7459327872179449,-14.080350232261418,-0.18724347711987793
1594355193142, acc,5.0215755318492645,5.863907230722904,-9.85879402873516
1594355193274, acc,-1.8972132386244833,-6.592351853653788,-1.6724921906992791
1594355193410, acc,-4.556065513773262,-4.664032552017272,10.145740500557421
1594355193546, acc,2.253006159918755,2.2867037007287143,-0.2569422691049054
1594355193684, acc,-0.3338307533983141,-14.610458979237078,-1.1221263261798768
1594355193820, acc,-0.7177738105084747,8.937759380024671,1.2106575732003897
1594355193956, acc,-1.9745326251484452,-3.104108463616669,2.0736631537251173
1594355194090, acc,-3.7634041469976305,-7.469224120032787,6.425919182437658
1594355194233, acc,-3.271621623545885,6.366846231222152,-1.6250519557408987
1594355194371, acc,-4.633756071697175,-11.67652383466959,-0.31963735634032636
1594355194510, acc,11.610149036008119,20.17901197527647,0.6983082817338406
1594355194648, acc,-2.9478537798047064,-3.302455737748742,-2.4339095472969112
1594355194799, acc,-6.1244011644273995,-0.056136724233673885,15.680027654379606
1594355194947, acc,-4.3184608727470035,8.001651665344834,-4.446223329307139
1594355195090, acc,-1.6417181361205875,-16.03259372258186,-3.5073280297353864
1594355195229, acc,6.93129505469501,19.235604166716335,-1.8159354698635637
1594355195374, acc,-2.252237805894762,-5.886672020238637,-2.6432196756005286
1594355195512, acc,-5.398742957344651,-5.860303653272986,4.1695796403124925
1594355195657, acc,-3.051379036208987,14.35950385825038,-4.502369579420984
1594355195796, acc,-2.0886049945302307,-13.686865293693542,0.2366847131697461
1594355195939, acc,11.110657545614242,25.287901633441447,-2.923275218865275
1594355196080, acc,-2.857994937442243,-7.115238832682371,-2.65598358784467
1594355196221, acc,-5.484091921067238,-5.455766574814915,0.7619508058872073
1594355196365, acc,-5.593932351967692,8.045361627733707,-4.011510892815887
1594355196506, acc,-1.5810370190560816,-12.81755381795764,0.7455986598927528
1594355196648, acc,15.10706994575858,28.003709575390815,1.4603909703724085
1594355196795, acc,-4.488290200664102,-9.28648163228035,0.48027197226956486
1594355196938, acc,-7.545830389851331,4.395486244760454,19.806255351960658
1594355197085, acc,-1.554294265820086,6.8575476814389225,-4.084105004383623
1594355197226, acc,-2.3168138845711943,-14.318316107815503,-2.4851623262807725
1594355197375, acc,8.163322821247577,10.934397307866812,-1.4748599329687655
1594355197524, acc,-3.0967820662513375,-9.512684004804491,1.137678407837823
1594355197678, acc,-8.215691306388377,3.2603093714147806,21.461102288115022
1594355197825, acc,0.3249843799240887,1.6775380759119987,-1.1735240665923803
1594355197971, acc,-3.313294819410145,-12.550758153760432,-4.5686359492719175
1594355198116, acc,8.000827489480375,12.987440429019927,-2.8474270739376544
1594355198264, acc,-4.9459874991625545,-12.6028168422997,3.1615295559719203
1594355198409, acc,-2.6985399962842465,6.8606205130130045,-4.066273579616844
1594355198562, acc,-0.8522734663691371,0.38709070748612284,-1.271501406545937
1594355198716, acc,-0.5499173170343041,-10.255846888917684,-3.1056995322003957
1594355198868, acc,2.641928759007156,5.766594857484102,-5.040559633782506
1594355199014, acc,-1.7466506289742887,-13.05300741842985,2.983893353696167
1594355199165, acc,-7.8796292137414214,14.263364035922288,-4.231201106967032
1594355199316, acc,-2.1482008005760607,-8.088024711418152,0.7690168718159198
1594355199468, acc,8.006980751413106,26.389472882044313,3.9041292532444
1594355199617, acc,0.026479282277508173,-5.823545409718156,-1.4921113658905027
1594355199768, acc,0.1480068424864672,-1.0507837490431964,14.065022899270057
1594355199917, acc,-2.6676734411165115,5.16390252033472,-3.8991076256901023
1594355200068, acc,-0.42809279915578663,-18.214999721229077,-4.957181677871942
1594355200217, acc,-15.07409589691758,-3.6017733231052755,-3.213127349001169
1594355200370, acc,0.30613378644371403,-13.77534554117918,1.8236470671541989
1594355200520, acc,-6.97810765927434,13.22268944683075,-2.53220289439708
1594355200674, acc,0.03367649117206456,-8.585141873896122,-0.3712785135872662
1594355200834, acc,-2.188616835986078,9.83147113752365,6.1883233092397445
1594355200989, acc,-0.7761607522211968,-5.7288727373331785,-1.3626073263600469
1594355201142, acc,15.467901153481005,15.798207459080219,4.680530097831785
1594355201302, acc,4.181016687867045,1.3369954768501222,-3.4650010461375116
1594355201454, acc,-2.571337803955376,-11.729515420144796,-4.49933591081351
1594355201611, acc,-12.465675147497652,4.487859408031404,-3.2790584955483673
1594355201764, acc,-0.5251855382945388,-12.542605242443084,2.0198500227339564
1594355201923, acc,-4.034029598616064,21.541018120872973,-3.255813813561201
1594355202077, acc,0.3969644147140905,-10.456648862725496,0.7215238837569952
1594355202235, acc,12.099760937422513,19.817599752795694,0.019976236509438604
1594355202392, acc,-3.1069767125293613,-10.079269840306043,-3.105742494559288
1594355202552, acc,-14.66405729843378,10.138127687466143,4.853391925312579
1594355202711, acc,2.254913747105747,-2.478554014056921,-2.9750054061025377
1594355202869, acc,-5.049464240249991,0.5394729337789118,2.158098801995069
1594355203028, acc,3.1243226918667553,-1.7340514057725667,-2.442382484348863
1594355203186, acc,-2.806459688255191,-9.129085669478773,2.950995292700827
1594355203345, acc,-0.42419769141338765,1.4733704250633717,-4.293828828054666
1594355203505, acc,-1.1204106083031744,-14.114088835734128,-7.125940259438753
1594355203665, acc,3.8179441309586166,9.450909977936744,-6.962448902371525
1594355203830, acc,0.958653162356466,-13.317369133478403,1.740625961857289
1594355203992, acc,0.5205773138467222,9.08716726668179,0.04456478455334436
1594355204152, acc,-1.0115883414693176,-9.294899916535615,-0.21178439119635148
1594355204309, acc,-2.0538491768389937,15.779935304808616,4.678123621211946
1594355204475, acc,1.0633415442559868,-6.337933440470695,-3.5062665379837155
1594355204635, acc,8.733458458185195,16.399288853901623,5.382289250671863
1594355204802, acc,0.9991598717246204,-1.640936776484549,-2.9347759793058037
1594355204961, acc,0.2938393183422275,-8.335559210306405,-3.908688523983955
1594355205126, acc,1.3447276785373687,5.592199829086661,2.533059218965471
1594355205286, acc,-0.00816268835926894,-11.250027437859773,-1.874404317706078
1594355205460, acc,0.5972649783384054,2.3139671168379485,-3.369144716925919
1594355205625, acc,1.0081735645897685,-14.317452184462546,-4.609979182529449
1594355205792, acc,2.495589320009947,6.636729924562573,-1.6364181300163267
1594355205953, acc,-0.7760368335805833,-11.68843989791274,2.2158464959561823
1594355206119, acc,-6.127940444469451,8.725774333423375,-4.849521513620019
1594355206283, acc,-1.953494951686263,-12.551606879544257,1.3151185760848223
1594355206455, acc,5.433767508974671,7.028208784005045,-2.15979333095327
1594355206618, acc,-6.575175677925348,-10.291764589995145,2.2194755001083015
1594355206797, acc,-8.523117087137699,8.890821103239059,3.509217789004743
1594355206969, acc,-5.71687601006925,-8.472661157619953,1.4717986457020042
1594355207138, acc,7.63725487409532,25.241801561045644,-0.03884948021303862
1594355207302, acc,-5.747944517549872,-11.903265720897913,3.256934049762785
1594355207474, acc,-9.126297500064968,-2.19829125778228,-0.5210931544143707
1594355207640, acc,-4.642251220580936,-7.056205628955364,0.05867771851995494
1594355207809, acc,14.21548584793806,16.1551247082293,-0.04954802545916755
1594355207976, acc,-4.396299314709007,-10.766676934927702,2.609079797850549
1594355208148, acc,-10.052833084279298,-0.06090753709836862,-2.537053549298644
1594355208314, acc,-5.009397602799535,-7.750307252779603,-0.598318396381475
1594355208490, acc,12.03654489505291,31.523440867364403,1.77384448697865
1594355208659, acc,-4.385389798159897,-11.112719738841056,0.2993786496276967
1594355208830, acc,-8.266235498711467,5.643086551237106,-2.8258108699351547
1594355209000, acc,-5.21515339962244,-6.845816911634802,-1.42757810344249
1594355209184, acc,12.326948229330778,27.213396233046055,1.8382044386863707
1594355209353, acc,-3.1137875615879893,-12.013182724165915,0.7726838698908686
1594355209529, acc,-2.302770600041002,-3.041575142814219,-1.9368324245683848
1594355209701, acc,-1.6684253796517847,-6.619506987082958,1.5709316584967077
1594355209874, acc,10.874276893424987,6.8771379325717685,0.7109308127459139
1594355210045, acc,-0.9164454212240875,-11.183103188621997,0.9206085322529077
1594355210219, acc,-3.363527169305086,2.54064134465754,-0.41551911225412036
1594355210392, acc,-4.542622971615195,-9.373236371147632,0.07815824850089848
1594355210568, acc,4.557755074295401,9.449707031887769,1.9195608256414531
1594355210740, acc,-7.32108172326684,-10.834673197311162,1.6422833687879144
1594355210918, acc,-13.656631483471394,12.241756501996516,-0.3967007953418418
1594355211093, acc,-2.088786634707451,-9.2617113481611,2.1355448787510394
1594355211270, acc,0.7256865563943982,25.24687988722324,-2.9742323759034273
1594355211445, acc,-4.004621133302152,-6.933247357806563,2.503110363164544
1594355211625, acc,-7.187459434762597,15.338324340975284,-2.372919218152761
1594355211798, acc,-3.0984768874704836,-14.260117601346968,-3.4062092499509453
1594355211981, acc,-0.7153415418602526,13.381024736309051,-2.6292674303546546
1594355212155, acc,-2.168904419778287,-8.168323406013846,2.1254212518826128
1594355212334, acc,-3.6492145809769627,8.879729215860367,-3.6339521299153565
1594355212513, acc,-1.2308438174650072,-9.576919453349708,-4.084480851958692
1594355212695, acc,0.04514320549580734,6.0589101628631346,-0.6040706032326445
1594355212876, acc,-1.714612253548205,-1.9225543083690106,9.027773997470735
1594355213061, acc,-2.7069562347128984,3.0845942003294824,-2.5024381629914045
1594355213239, acc,3.686609661130607,-6.368672277605533,-0.5823835259510204
1594355213424, acc,-1.5796652923114596,-8.059129456323385,-3.9610923726990817
1594355213601, acc,11.159887148207426,5.224428592967986,-0.29996118048969656
1594355213782, acc,-1.6446379690900443,-3.053400020642578,-1.2678079588554798
1594355213964, acc,5.390603490030765,-3.8915556028753517,-1.9964010503463445
1594355214164, acc,1.333794781112671,-6.480552105379104,0.8071008110165595
1594355214344, acc,-0.00012601619798551837,5.595943107268214,0.8856567535981535
1594355214529, acc,-2.93219969907701,-4.1109301752060645,-0.5196873427370563
1594355214710, acc,2.7154469996824857,3.219377057045698,2.3152355293385685
1594355214895, acc,-0.3049570342819206,-13.350379422676562,-0.5982902297329157
1594355215077, acc,1.398781486416608,6.04884995661974,-1.4157169852569698
1594355215276, acc,-3.3519524668455123,-7.934050539758801,1.101617718093097
1594355215463, acc,-1.7577686737075446,21.016409724879264,-2.1758746971823273
1594355215650, acc,-1.6106208409368992,-8.682820157837867,0.778169534760341
1594355215832, acc,-5.4406800648421045,14.109035059475898,-2.139903658482432
1594355216018, acc,-2.3527703102238475,-11.901878065931797,-2.3528958362996577
1594355216202, acc,2.526417588993907,19.166603695726394,-5.645898101526498
1594355216389, acc,-0.49168655226398256,-8.364335222935676,0.752621325071156
1594355216576, acc,-4.055267032434046,4.466807559913397,-2.92516848526597
1594355216762, acc,0.9311321182243525,-12.76203242174387,-5.15629438341856
1594355216954, acc,3.414480526950955,4.014076943911612,-0.2168575480084866
1594355217140, acc,-4.920283733585476,-2.663114462637901,8.699075127068161
1594355217329, acc,-2.285821511066705,3.137087188632786,-2.0852979158088565
1594355217520, acc,-4.367073512485623,-3.012393471993506,1.9665078702554106
1594355217710, acc,-1.0447880888249725,-6.425323554632067,-0.8001129979558289
1594355217903, acc,11.478023708063363,3.976249902081489,3.0342075366556642
1594355218090, acc,-1.895776922211051,-0.9286636092189698,-0.9241838334564119
1594355218280, acc,7.681107459825277,21.036669253575802,2.1397256715670228
1594355218469, acc,0.10732133335215038,-10.60977840025425,-0.7279007253125309
1594355218660, acc,-6.570729219910502,7.432360662537813,0.6937966495282948
1594355218848, acc,-2.345299097560346,-8.609525204524397,-1.0672640514619647
1594355219039, acc,0.8279678040869534,16.006929704493285,-2.4230352481916544
1594355219230, acc,-2.20453979678303,-8.241865027564764,1.5517499881647527
1594355219423, acc,-4.737846853029728,9.694541624167561,-3.787067346657812
1594355219611, acc,-3.060883654396236,-13.21212830532789,-2.6194296346902846
1594355219804, acc,0.058280869256053115,8.72274475646913,0.12035694781029596
1594355219994, acc,-5.069963422921299,-6.470440461209416,0.513884611275047
1594355220192, acc,-1.539034006715566,2.7038120914682744,-2.076923470695317
1594355220383, acc,0.3236080866022035,-14.519057291346787,0.9138052089136093
1594355220577, acc,-0.12343502181507646,2.3827327561587093,1.4563547005936504
1594355220768, acc,-3.1511861488729713,-2.8583310375288127,12.516869912683964
1594355220965, acc,-1.9868597534105181,2.2103351851888,-1.9848262017562985
1594355221156, acc,9.003117695119977,-0.19030441732676698,0.16262374391984194
1594355221362, acc,-4.077877508170903,-9.05576149007082,-1.24498004097566
1594355221556, acc,-5.378726589754224,8.419574295076727,-1.9494573667332529
1594355221754, acc,-4.251306321884692,-10.231894350922108,-0.3219733615398407
1594355221954, acc,4.89641448995918,16.7863241779387,-7.627900185772776
1594355222150, acc,-2.251837116139382,-8.922142124176025,0.9014400867287069
1594355222345, acc,1.6703247835323214,0.2081563551586121,-4.63482925388664
1594355222545, acc,5.081510652852058,-1.6554088078208267,-0.2708891257896088
1594355222743, acc,-3.0181586113914847,-9.245484435981512,-1.193285509573668
1594355222943, acc,-8.990363427487015,11.921775191056728,4.366969759850203
1594355223140, acc,-6.061376260715723,-12.307577173906564,0.525502020365186
1594355223343, acc,1.58283091673553,15.95014691004157,-3.2199761919826266
1594355223539, acc,-4.201917144815623,-6.541388559135794,1.724183214969933
1594355223738, acc,-7.66075499214828,9.774932673221826,-5.393944032630324
1594355223934, acc,-1.5499636892698705,-14.437659111076593,-2.816060752554238
1594355224136, acc,1.0770387918274849,8.096490926468372,-0.02338010155261727
1594355224332, acc,-4.969572957411408,-1.4504399235919117,7.527019306397437
1594355224536, acc,-1.8757319130480288,-1.2190435626212506,-3.9703164203792807
1594355224733, acc,1.6055645804606378,16.509713222169875,9.641579849308728
1594355224940, acc,-0.4535563262362033,-11.130023924863337,0.5304352755162864
1594355225143, acc,-3.6980242045924063,14.435589903587102,-6.626219636464119
1594355225347, acc,-0.8534157682720571,-16.1033232093215,-5.505449181872606
1594355225547, acc,-1.2606195086561143,3.2362843527048826,-3.4567630868852137
1594355225750, acc,-4.308377285628021,15.299603272914885,6.00567249367237
1594355225953, acc,-0.3504810786217451,-4.110285739822685,-2.3026567644029856
1594355226159, acc,9.003335721784829,31.765086892735955,-4.0908278828978535
1594355226361, acc,0.4921040835563093,-11.197871718686818,2.1330808267250654
1594355226568, acc,3.684485508583486,-0.04477620338089764,-5.430194911184906
1594355226769, acc,-4.03598511659801,1.874460431807488,2.844676898446679
1594355226980, acc,-0.9483161849983036,-12.847982858490942,-4.044242949594557
1594355227185, acc,-1.123665810706839,13.407337573695182,-0.644843525788933
1594355227402, acc,-1.6487556335419415,-15.941830332595108,-7.256394439300895
1594355227611, acc,4.2867315632700915,6.033506257015467,-1.6896441087692975
1594355227817, acc,4.518587723772227,11.404594899237155,-4.067353191547095
1594355228021, acc,-4.679893845754862,-0.7173376110482961,-1.7550000857770442
1594355228227, acc,-1.5443326976455747,-4.244049774885178,8.51990864648521
1594355228436, acc,-6.610288492360711,-6.808360164421797,-2.4587433981716633
1594355228645, acc,-9.958490082240104,5.769030560198426,1.1412406303640454
1594355228851, acc,-2.448070612987876,-13.439633577144145,-0.5856266360580921
1594355229063, acc,1.9377774503335357,4.42071742438972,0.46666181845963
1594355229269, acc,8.27976893402338,12.373712318593263,-4.065920528395473
1594355229485, acc,-2.9291610620334745,-5.171635160413384,-1.8020261869765817
1594355229696, acc,-1.3861670656457543,6.267709565165639,-1.7921572655215858
1594355229908, acc,-3.4728137657150624,-7.848348524814844,3.105339174455404
1594355230124, acc,-6.545019609114528,11.369682575809955,-5.225732076781988
1594355230334, acc,4.846695058022439,-7.982855194938183,0.5878438737161458
1594355230544, acc,-19.932271257114408,35.67381048803329,4.179539308790862
1594355230757, acc,17.965778292167187,-5.059228678417205,-0.9451901619322597
1594355230969, acc,-3.718797820290923,-2.9809152146682143,-5.605054634484649
1594355231183, acc,-2.67336493075639,20.78982098338604,14.556845462471246
1594355231394, acc,-7.2653212576001875,-8.730081090706586,0.9931779477708041
1594355231609, acc,-1.8014723524861036,4.04089948438555,-4.7400461166396735
1594355231818, acc,0.5113596959073097,-13.159248948055504,-1.3813682870618997
1594355232035, acc,-2.336553481046855,-2.936168310447037,-1.2736496706210076
1594355232245, acc,-4.664367775321007,-3.7874844030261037,-8.461153675177693
1594355232462, acc,-5.2496255780667065,-10.660083523124456,0.4215638357784599
1594355232677, acc,1.5324427917569874,22.618037112021444,-6.251621769195794
1594355232893, acc,-4.525397988308966,-2.8625413487002254,5.1363709548085925
1594355233106, acc,1.1677308701436966,0.024753305584983898,-0.7466941269792616
1594355233325, acc,7.7002634111940855,23.95361351585388,4.286273298108577
1594355233543, acc,-2.9756755604490635,-13.023071714371442,2.5302909232959148
1594355233761, acc,-1.6299569711782038,6.963377123132347,-5.428558834415674
1594355233975, acc,1.381949886342138,-7.7730854862987995,-3.071605247157812
1594355234195, acc,-1.466756267620623,-1.8459280186757445,-2.5612477870956063
1594355234410, acc,-4.226263358303904,-0.5748778264960274,-2.0514070443838834
1594355234632, acc,1.4462806119553744,-12.494653404700756,-3.1779373776763675
1594355234850, acc,2.723285145962238,11.478743839031457,-4.381786512970924
1594355235068, acc,-3.5939407297834753,-5.588627231296897,4.2887467024847865
1594355235287, acc,1.5004843496993183,4.230843964092434,-3.3112723736718297
1594355235509, acc,7.944076259210705,15.427514198035,1.763830311834067
1594355235743, acc,1.50166113839373,-10.672173773890734,-0.19900698014982043
1594355235969, acc,-0.2196648057152517,9.6802968257159,-4.641904306839407
1594355236186, acc,1.9165676351748406,-14.166257414388657,-5.396346417596936
1594355236412, acc,2.375717324438691,-1.1927076366204767,-2.97020881947577
1594355236630, acc,-2.6929201105758547,7.87703802820444,1.9089365557745097
1594355236850, acc,0.008129519025317859,-6.1922033655434845,-3.419480527195334
1594355237073, acc,5.485042353659868,6.3583215639829636,-4.097873417495191
1594355237296, acc,-0.55403731957376,-11.835604974079132,-0.7787856208320707
1594355237520, acc,4.107865819199383,0.9048065674871206,-2.89728679112792
1594355237745, acc,-0.8544933343756943,9.837548996132611,5.35226762189567
1594355237971, acc,-1.4659794380292295,-6.16296850323081,-2.512750298169255
1594355238196, acc,0.7920496646180748,6.938775181317329,-2.2500302128478884
1594355238416, acc,-4.504443463085591,-12.743334735536575,-3.0392925848349925
1594355238643, acc,-1.0762092091355473,1.2389533280320464,1.0076508558899164
1594355238864, acc,17.569412829726932,9.42133843101561,-8.982890315127372
1594355239093, acc,-4.228439241038263,-8.337526126465201,1.6781657062910496
1594355239315, acc,4.4633518665015695,8.748226988250016,-4.196028963559866
1594355239542, acc,7.4646607576400035,7.268315178719162,11.38153434164524
1594355239765, acc,-2.5406343303948637,-3.4134482612937687,-2.829641241878271
1594355239994, acc,-0.2340613789288327,11.883413019436597,0.447394880997017
1594355240219, acc,-2.0414348086848855,-8.489355102789402,2.4007545889310538
1594355240447, acc,-1.618148313832283,4.4392236796781415,-1.9112601764164865
1594355240672, acc,10.950714820939302,20.532285314965247,3.8542929169297215
1594355240903, acc,-6.542883181607722,-9.261915930822491,3.568971708221733
1594355241129, acc,-3.29774039966464,4.148188769498467,-3.941708457793295
1594355241357, acc,2.255545761398971,-7.537797890043258,3.69377443819344
1594355241585, acc,-5.267120902746916,-4.953584530162811,-0.11126728536579757
1594355241823, acc,-5.566095666015148,13.697678948652744,1.2989805112324655
1594355242050, acc,-4.276415920960903,-13.430760534858702,-0.6815165022131056
1594355242283, acc,-3.1370778362825513,1.9316507841467856,3.560811198119819
1594355242516, acc,0.6724248487409203,-1.936454677297175,2.1417640455268323
1594355242746, acc,0.7011200512189417,0.5253946144679561,-0.3570229745458811
1594355242974, acc,-0.24578427595375105,0.3008817294007167,-1.0518557621888815
1594355243205, acc,0.07425711744308937,0.38688787839040156,-0.45954274370204656
1594355243432, acc,-0.093112464730395,0.5320866229198873,-0.49808896665219216
1594355243664, acc,-0.4660545367488637,-0.5988356617212295,-0.9209523772545158
1594355243893, acc,-0.5444592342915013,-0.47369712392389773,-0.28640191661678255
1594355244126, acc,1.797633504975587,5.753848773157596,-0.8739437386464327
1594355244357, acc,-3.0008459498018025,1.1000682236287742,-3.885183729755878
1594355244591, acc,-4.160817949447035,2.5727444558829067,-6.176809397056698
1594355244823, acc,-1.4535950266219675,2.9739477137431503,-0.8227906937099992
1594355245057, acc,-0.9378807887669652,1.281603259973973,0.31762163260374215
1594355245289, acc,0.4846258200975135,-0.14383655279818922,0.032696722887095526
1594355245524, acc,0.5212957277817651,-0.18096101758321745,2.506105745588243
1594355245756, acc,-0.5489755792047828,0.09212257691021077,-0.8898963639292865
1594355245997, acc,0.16210863400455564,-0.15723359358040614,0.31410149565357715
1594355246229, acc,0.2288278439232148,0.026419549163617193,0.33411468490622936
1594355246471, acc,0.08013182272934355,0.0572045680943178,-0.11914367216355166
1594355246743, acc,0.01046219062343007,0.060000459590274835,0.5042489140540362
1594355247004, acc,-0.012204178877483355,-0.1111386448842939,0.23754675509287043
1594355247254, acc,0.11430020505459978,0.10849495284194126,0.16315746720405294
1594355247498, acc,-0.00045766144572953634,0.06901584665558766,0.22529961499813944
1594355247746, acc,0.0016658528508662128,0.06614476189841516,-0.28241018009949476
1594355247998, acc,0.0278898203622899,0.19593608480449765,0.19492862479500472