1594354921802, gacc,-1.0727519813537596,-1.1833341910818242,-8.52111341916509
1594354921828, gacc,-0.5072714767456055,-0.9778816857711411,-10.114155166128464
1594354921849, gacc,-0.3935469344208017,-1.5747861419677733,-10.185382555920258
1594354921865, gacc,0.10474632263183593,-2.121412308502197,-10.090063584988377
1594354921893, gacc,0.08409633331298827,-1.636287197113037,-10.61259806078486
1594354921908, gacc,-0.2148795898658689,-1.1584942917754872,-10.098143832928315
1594354921923, gacc,-0.507570770219434,-1.3016975151062011,-10.709264245074614
1594354921946, gacc,-0.7164648468017578,-1.4642039527893065,-9.972448300569038
1594354921958, gacc,-0.2690484229765017,-1.9024924211364238,-9.848997359665622
1594354921973, gacc,0.014065934753417967,-1.9832968002319336,-9.599252135058492
1594354921990, gacc,-0.10474630436552688,-1.8043302261352538,-9.044096917370707
1594354922008, gacc,-0.1096843635559082,-1.6105496023315935,-9.289502587536722
1594354922024, gacc,0.03666119465483352,-1.4173673462798817,-9.687239374862797
1594354922040, gacc,0.04997895965576172,-1.3389572784423827,-9.580846654997114
1594354922058, gacc,-0.09083000721586867,-1.0966939979553223,-9.39290217173472
1594354922081, gacc,-1.2541128119095228,-1.4472949400970712,-8.940996316119282
1594354922093, gacc,-1.753004528045654,-1.589600228207372,-8.938303131512551
1594354922108, gacc,-1.7530045645782724,-1.58960026473999,-8.938302839251607
1594354922128, gacc,-3.212569751651026,-0.8749310691833495,-7.690624791363626
1594354922143, gacc,-4.2324995127471166,-0.21757308043327647,-7.432499924878031
1594354922157, gacc,-4.790348316900432,-0.08020577388154343,-7.389104581396281
1594354922178, gacc,-9.002946137945353,0.3226186874057865,-7.624185549163818
1594354922195, gacc,-4.238485208693752,0.0728735084644286,-8.139537164251506
1594354922219, gacc,-4.36403096645195,0.25468321986543013,-5.524770260675251
1594354922236, gacc,-4.364030929919332,0.25468320159912106,-5.524769968414306
1594354922250, gacc,-1.4052468099731952,0.8297405128479003,-4.332906454467773
1594354922274, gacc,-0.8930372192382812,2.4319104459015652,-4.49137238458842
1594354922293, gacc,-1.6371850227355955,1.8846855462890117,-6.290764862060547
1594354922311, gacc,-3.8935705959595737,2.1740847632919436,-8.061426520035287
1594354922332, gacc,-4.89689058303833,1.1740566436656983,-9.06908595880717
1594354922351, gacc,-7.631068952002003,2.6412533439636228,-9.506776534326374
1594354922377, gacc,-8.972869125720113,3.189076611328125,-9.70414824142456
1594354922396, gacc,-9.762057994079589,2.032078659057617,-8.550442316436767
1594354922422, gacc,-10.24149687652588,2.6279355241637674,-9.227402835845947
1594354922445, gacc,-10.0845274685733,3.7159506872314956,-9.085097474670409
1594354922472, gacc,-9.648483345086872,3.4736872240813446,-7.889193453161418
1594354922493, gacc,-9.245957898712158,3.4008139667786654,-6.972813352258503
1594354922518, gacc,-7.792527707263082,2.95624068254102,-5.858012820655759
1594354922541, gacc,-10.121038605499267,2.582744894763082,-5.800252723870798
1594354922566, gacc,-8.770709307562559,4.363432452569529,-7.126790008135885
1594354922588, gacc,-9.356540087890625,1.9009962642945348,-6.264279024461377
1594354922618, gacc,-9.638607555499672,3.640233913598582,-5.475987744262442
1594354922641, gacc,-8.491335316821187,4.163217528251919,-6.4459388927626415
1594354922672, gacc,-7.926303871154785,1.8263269538879394,-8.019378899084776
1594354922695, gacc,-5.087678527832031,4.203619418688863,-6.285527418064792
1594354922726, gacc,-6.645256445832131,4.9450739645142106,-5.867739371358477
1594354922749, gacc,-6.886621727166697,4.1108444148850625,-5.172672540637105
1594354922778, gacc,-6.307374489947408,3.832069467749074,-6.562057691546529
1594354922805, gacc,-11.582250390735268,0.13871405868530273,-1.3578116165161132
1594354922834, gacc,-8.327032935632019,2.5698762069702146,-5.60213271915596
1594354922861, gacc,-4.997596836499125,2.9743467960633336,-7.1408561620850115
1594354922890, gacc,-6.1536971640764735,0.7558195365905761,-5.854720811639353
1594354922916, gacc,-6.368426559216156,2.843114617566019,-7.315333461938425
1594354922949, gacc,-8.027160054480284,1.8236337692812083,-5.47389311007075
1594354922976, gacc,-5.575796025970205,2.5836427203856407,-4.80755693359375
1594354923007, gacc,-6.729802084682043,4.138527170651219,-1.872714318792522
1594354923034, gacc,-7.883058530602976,4.361038360507227,-3.3725323135375973
1594354923066, gacc,-9.130288323266804,4.623502790567092,-1.0440212691709398
1594354923095, gacc,-6.395061979620158,5.6193408609252415,-3.473987047278136
1594354923127, gacc,-7.0854902486938975,4.31031134069683,-3.4284967408111315
1594354923157, gacc,-7.322965564252063,4.282927453712816,-2.7079914229795334
1594354923190, gacc,-9.235484289362281,5.521029174450785,-1.2861344736628233
1594354923219, gacc,-10.926537826538086,5.281010384954884,-2.809296226855367
1594354923254, gacc,-10.522965209197997,4.470273866050784,-1.6922513686582445
1594354923285, gacc,-10.981903739929198,3.0440776271544396,-2.2952912040710447
1594354923319, gacc,-9.660454499518126,4.253149702995364,-3.4922422504149377
1594354923351, gacc,-5.426308132879436,3.003226707458496,-4.396951421942189
1594354923387, gacc,-6.632836588652152,3.524863357632421,-5.237914937735162
1594354923419, gacc,-8.307879760742187,3.392434334033355,-4.077624556323141
1594354923455, gacc,-6.514173402615078,4.337694510728213,-5.567865506965574
1594354923488, gacc,-7.092822596880225,2.8847140175417065,-3.5660140274599192
1594354923526, gacc,-8.805125371905415,3.624372327600047,-4.640860898733697
1594354923559, gacc,-8.17754504254125,3.0973486871581524,-3.442861841174215
1594354923596, gacc,-8.68885768443644,4.8115972219605,-4.621108077450282
1594354923630, gacc,-9.393052101599425,4.725106869650445,-4.402936195440217
1594354923668, gacc,-10.20558414388448,3.6791398732392113,0.11761515655517578
1594354923708, gacc,-8.724171757064946,3.999962840901222,-1.2892771556027234
1594354923741, gacc,-9.367164723083748,2.7084407741822303,-1.5267520327694712
1594354923781, gacc,-6.460304705511779,2.0471920570373534,-0.7312786773130298
1594354923818, gacc,-7.212681700433045,3.7708676878113296,0.2299927047178149
1594354923858, gacc,-9.470414012090862,3.038690746484324,-1.557428618323058
1594354923896, gacc,-8.728660720780956,4.861126976544037,-0.6313210502624511
1594354923943, gacc,-8.63094678100394,4.475511127383448,-1.5752357854314147
1594354923997, gacc,-8.783278628816362,3.616591135671921,-0.9015659781306982
1594354924046, gacc,-8.157643496969529,3.9600095002326645,-0.7495350494936108
1594354924088, gacc,-9.1210099881161,3.1896750156126914,-1.3172601181581616
1594354924132, gacc,-8.880393561520613,4.909161012677103,-1.588851638329774
1594354924228, gacc,-8.440308601678161,5.087678454766794,-2.1923413364019244
1594354924317, gacc,-8.187121885714493,6.118830963079631,-1.4734820687443018
1594354924370, gacc,-9.001749037115275,4.004751189422607,-2.404227708401717
1594354924428, gacc,-12.02098726043701,-0.15337854385375976,-1.268178837994486
1594354924490, gacc,-10.184035744421184,6.383689740930125,-2.396446078082174
1594354924544, gacc,-5.441870480203069,5.384410188348591,-5.007921831158549
1594354924593, gacc,-8.518569799096882,8.619125976562499,-2.371307545172423
1594354924640, gacc,-4.760870001220703,7.771877425683289,-3.642030222430825
1594354924682, gacc,-6.336703350686467,8.189516489233448,-1.7660232918336987
1594354924728, gacc,-6.198288640273921,7.5914152427339925,-1.7232267910279333
1594354924771, gacc,-6.549787115777283,9.409960712432861,-1.9991582400999963
1594354924824, gacc,-6.0989295271057635,8.819191452789306,-3.852719201339595
1594354924870, gacc,-7.708431520080566,8.274211007635294,-3.738994467218546
1594354924917, gacc,-5.4620718855042005,5.492897012683004,-1.5667054191038012
1594354924962, gacc,-5.566368893465958,6.176740861865133,-3.1657335104677826
1594354925014, gacc,-3.1648351733885702,9.211541395977884,-2.7494414776124056
1594354925060, gacc,-6.563554067584127,7.150283184991404,-2.8522420730039477
1594354925111, gacc,-1.7230770072937012,7.037157448809966,-7.136815873718262
1594354925159, gacc,-7.401973999841511,7.158214087588526,1.6768384032100438
1594354925217, gacc,-7.690325370025635,8.27076956194453,-2.6924294044494625
1594354925269, gacc,-5.797559612329304,11.010185247039795,-3.334075303240865
1594354925323, gacc,-5.195866953741759,6.91909339770982,-2.25997672958374
1594354925374, gacc,-5.459378280772362,7.706186663763225,-4.9214314423158765
1594354925426, gacc,-8.79390299001485,8.0466124315124,-0.10474661489278077
1594354925477, gacc,-5.685630465521291,7.300818906634673,-2.9252656620301303
1594354925529, gacc,-5.141099261972122,7.459135345282033,-4.825363771908544
1594354925579, gacc,-7.0423948380067944,7.273584570489451,-3.303100319262594
1594354925631, gacc,-4.7990274805815885,6.650793082837015,-1.6766893501281737
1594354925681, gacc,-6.476764403533935,7.948151034368947,-2.9837738189697265
1594354925733, gacc,-5.238214103344828,5.944653376825153,-0.7580638083860277
1594354925784, gacc,-8.739135042516887,9.766696759796142,-5.322609273473918
1594354925838, gacc,-5.552751761925966,10.632051022338867,-0.9433157463625073
1594354925889, gacc,-1.7455227939881384,8.403498107346287,-3.861398766879551
1594354925943, gacc,-3.45154104138799,6.503699172210693,-1.9565113768979905
1594354925995, gacc,-4.925920132037252,10.27516562963277,-0.4207809417724609
1594354926050, gacc,-4.3875238875791425,10.682777877752482,-1.8592473728455603
1594354926102, gacc,-4.823867286273091,8.57453405284048,-1.3631984241209922
1594354926158, gacc,-2.7147255535401404,8.093748642022907,-2.5791533000119027
1594354926210, gacc,-5.656301714380085,6.298246596118062,-3.6387376517254157
1594354926267, gacc,-3.3562216137983834,9.293692221246287,-4.00490087269214
1594354926319, gacc,-3.111564880569838,8.020425814321824,-2.817975646264851
1594354926376, gacc,-1.978209267834574,5.441871028192341,-4.112190915856883
1594354926430, gacc,-3.783587377321254,13.260734807586669,1.8728645409181712
1594354926488, gacc,-5.257367424365133,6.725162679644674,-0.7366659233093261
1594354926544, gacc,-4.735132187243551,8.377909574779867,-1.0320509184572846
1594354926602, gacc,-6.621463820239156,7.31802715800181,-1.3168106938902289
1594354926658, gacc,1.4353239043968262,7.906850982666016,-0.30107056650370356
1594354926717, gacc,3.5559874312251805,14.512752930505572,-1.9867385747162625
1594354926774, gacc,-0.06913290173057467,8.176198523303121,-2.507177758733928
1594354926833, gacc,-0.8297405493805184,8.315660916137695,-2.882170032147318
1594354926889, gacc,-1.3482347002776338,8.894608147497102,-2.417396219391376
1594354926949, gacc,-6.2766989273071285,9.450213145645847,-2.2272055098384618
1594354927007, gacc,-5.345354481506347,6.329221141704917,-2.4070708594057706
1594354927072, gacc,-3.447650025298819,8.680177315178886,-2.563143172388151
1594354927132, gacc,-2.985270158474706,14.30715057067871,0.39205088717676695
1594354927194, gacc,-3.031957200445607,11.615020441436767,-4.230405280414224
1594354927258, gacc,2.9563905758731064,25.46293262165487,1.405246079320833
1594354927320, gacc,-2.1597196263962424,7.761253594207763,-0.7202055311674251
1594354927378, gacc,-0.8273468957096338,8.223783573559672,0.8611647749636322
1594354927442, gacc,0.011671440832316875,4.34727166442871,0.7073370808365754
1594354927504, gacc,-0.4240728046583943,6.380247856847942,0.3567354628413915
1594354927567, gacc,-1.0025716529294848,11.355848257855325,-0.9626183396603911
1594354927628, gacc,-2.111985285595804,10.402806286444141,-2.529323977959901
1594354927692, gacc,-0.28535927569605407,13.13279465637207,0.4194343083699001
1594354927755, gacc,0.43843817901611326,9.11846622191742,4.588037911291048
1594354927820, gacc,5.544821041991934,15.212308435821532,2.564788601507619
1594354927882, gacc,2.8682532966062424,13.265523210906982,3.996521778802946
1594354927951, gacc,-3.1967082752503453,5.5699608170107,0.12045841715708375
1594354928013, gacc,-0.5590463799074292,4.358793175396323,0.4270654288694262
1594354928080, gacc,-1.5370774658203123,5.8735746382564304,-0.43095681028477845
1594354928143, gacc,-3.312228724548593,13.297096745300292,-0.7956225546687841
1594354928211, gacc,-5.865794359643757,10.714651418005674,-3.114856213732809
1594354928275, gacc,5.152920815332234,13.081019753210246,2.7693425482600924
1594354928343, gacc,0.7879916213989258,14.817414799499511,2.2110452331542967
1594354928408, gacc,0.6860884132385253,10.234164926202595,0.5110124168395995
1594354928479, gacc,1.1956046001709997,5.673808437237144,0.8813650477536022
1594354928549, gacc,-0.0827497410096228,6.687603787231445,0.31259368490651246
1594354928620, gacc,-1.1840823585510254,7.902810621234029,-0.6432921316284685
1594354928688, gacc,-2.394800137506053,10.47747515845932,-0.9530425285336095
1594354928760, gacc,-1.4885950648652388,10.482562617791443,-1.0292070801833528
1594354928829, gacc,-0.5639841651031747,7.981819276019185,3.5803790730240754
1594354928900, gacc,5.176263696996867,16.66768376998901,4.231003611633554
1594354928969, gacc,-0.4773439194610342,12.636746584430336,1.3063368653446434
1594354929040, gacc,-2.28421805792544,4.766407177081704,-0.19886764474436638
1594354929108, gacc,1.2122143741883338,4.5823526321962476,-0.6824967454221099
1594354929180, gacc,-0.6374560458861291,8.254159276470542,-0.8758296254582703
1594354929250, gacc,-2.032228333193995,14.54342834701538,-0.699705435180664
1594354929324, gacc,-1.8227358340607955,12.820501561847328,-0.6952155764155089
1594354929394, gacc,1.6826751465395091,8.845527196126989,2.0192098251342774
1594354929467, gacc,1.507898425348103,14.763694899749755,1.4859014053344726
1594354929537, gacc,1.136946805627644,7.7210010787963865,0.7727288415437564
1594354929612, gacc,-0.10444690129384397,5.379172287695109,0.30974929179344324
1594354929685, gacc,-1.2395980191437528,8.628852420806885,-0.006584054565429687
1594354929760, gacc,-2.1354783893860874,9.569025631359963,-0.5817906198254786
1594354929833, gacc,-1.7491140051468275,12.337620429992675,-2.303521327076759
1594354929912, gacc,-0.9569324029784649,10.43467989976257,3.047071146414615
1594354929985, gacc,4.674828159863129,13.70051972503662,3.484910300091654
1594354930061, gacc,-0.14514862177744506,13.16840869832784,1.9590558006837964
1594354930136, gacc,-2.6981157795228063,5.256918365423381,-0.6824970376830548
1594354930214, gacc,1.252017830657959,5.340716008050739,-1.041327719238028
1594354930288, gacc,-2.2493522496542426,9.111882423080317,0.006134557232260703
1594354930367, gacc,-3.658040715380758,13.069647003063558,-0.8114853097110987
1594354930442, gacc,1.2207437176026403,13.81633923034668,-0.5571009449280798
1594354930521, gacc,-1.029506567736715,10.486004428808391,2.876932277624309
1594354930596, gacc,1.675192974090576,11.879280157415568,0.24989487134404478
1594354930675, gacc,0.4001312447145581,6.269815305273235,0.2323865410517901
1594354930751, gacc,-0.7929297353882342,8.177246424920856,0.25812464728988704
1594354930830, gacc,-2.476053210217133,8.601617792400717,-1.0960958859317005
1594354930908, gacc,-1.3242928754723164,10.026019165503232,-0.6105214416061527
1594354930988, gacc,-0.6560112548828124,10.853066128418222,2.0075381468399427
1594354931069, gacc,4.213944778674469,11.3494141331546,4.000561336517333
1594354931151, gacc,-0.041000703430175776,12.920458312115072,2.095075651849061
1594354931229, gacc,-2.113780717645213,5.437680883026123,-0.49230749717392025
1594354931312, gacc,0.1376667415894568,5.538237352752685,-0.24600422058105467
1594354931391, gacc,-1.7646760419432073,9.62439130728906,-0.4212304391056299
1594354931474, gacc,-3.7954081817626952,13.167361527362464,-2.4176945812834427
1594354931553, gacc,2.99275192906484,14.344859246826172,3.1757588645935058
1594354931637, gacc,0.7369651985168456,14.226196627044677,2.496852617944032
1594354931717, gacc,0.15322890625,8.461257939269766,0.6190506936889142
1594354931803, gacc,1.2125136493958533,5.094411927740276,0.04025273460708558
1594354931884, gacc,-2.8104934738159177,8.891915109020843,-0.45968714230004115
1594354931969, gacc,-0.9768339120175689,9.610026097328122,-0.9524437908889026
1594354932052, gacc,0.237624587835744,11.876287259209901,0.42901090266468234
1594354932138, gacc,1.6093521361753345,10.720337062426657,4.097676141357422
1594354932221, gacc,2.0374654666624963,14.811279657745361,2.6397574063174427
1594354932307, gacc,-2.0952254721159114,5.358522006115317,0.1562209276728332
1594354932390, gacc,-0.6379049586974084,5.333681871630251,-1.1255745669376105
1594354932483, gacc,-1.753602932330221,12.347196944372355,-1.4303864388614893
1594354932567, gacc,-1.9452890680726616,15.113398564258217,-0.13901260324046014
1594354932654, gacc,0.03456628646850586,10.826130556023866,2.7495906768247482
1594354932739, gacc,0.6560115471437573,7.640795030920207,0.8647553468015045
1594354932828, gacc,0.5906196220397949,5.322459928131103,-0.042795624022930856
1594354932914, gacc,-2.4772508225038647,8.570344483062996,-0.9798266640927642
1594354933002, gacc,-0.8141785673830658,9.911246922490093,-2.5405468713071198
1594354933088, gacc,-1.6069583363739772,12.62806643436849,-0.7251445767384953
1594354933177, gacc,1.7625811154905706,10.510695583276823,4.865168068628385
1594354933263, gacc,1.6898573131285606,14.948047843059896,3.139845547430217
1594354933354, gacc,-2.4779985721312463,5.256918657684325,-0.601992737512663
1594354933441, gacc,0.634763153540343,4.992957924652099,-0.15263094035685063
1594354933533, gacc,-2.1791724418197758,8.7157916493956,-0.7882907504759729
1594354933621, gacc,-5.215468895312398,13.047799912914632,-3.0898673184268173
1594354933713, gacc,10.69908910721466,15.14961027984619,7.250091393633931
1594354933801, gacc,0.46716859893798823,15.861286723327636,3.5012202143795785
1594354933893, gacc,1.9357121883668005,6.247370249231159,0.9747401546087116
1594354933982, gacc,-0.36900669619776305,7.508665026800334,1.20069269882394
1594354934075, gacc,-2.875435828521475,9.207201686273143,-1.9439425853671506
1594354934166, gacc,-0.4305073129516095,11.092785350445657,-0.009277093041688203
1594354934260, gacc,1.5683517250061034,10.659285066223143,4.605097109576314
1594354934350, gacc,2.3464669722959397,15.702671447864175,5.823297280175984
1594354934444, gacc,-3.5236662933349607,4.883123923492431,-0.23792378997802732
1594354934536, gacc,-0.39878436015024776,3.934869843944907,-1.1707646118164061
1594354934631, gacc,-1.0287584527831524,13.260735099847613,-1.3920779336573554
1594354934724, gacc,-3.2736220035828647,15.759234462085365,6.617124914252012
1594354934820, gacc,-1.0808325580872595,8.617629600524902,0.590769405774027
1594354934913, gacc,0.890343596240133,11.483040221051127,0.17223310112319887
1594354935009, gacc,0.5502174690246582,6.237045254571735,0.6295258739413693
1594354935102, gacc,-1.8013371817991137,6.830358353479206,-0.7953246677007526
1594354935200, gacc,-2.900725168078765,11.729642845916747,-1.7483655431333929
1594354935295, gacc,-4.672284612860158,9.984120380722173,7.139509752444736
1594354935397, gacc,3.739293715026602,17.30723488845825,3.357418842492625
1594354935493, gacc,-2.869899748639017,6.897395999963581,-0.2551315298885107
1594354935592, gacc,-0.33339272730723024,6.621015345819294,-0.6826466022215784
1594354935689, gacc,-0.8277952239990234,7.660099012457579,-0.09023132893666624
1594354935789, gacc,-2.8715459814760833,9.421482606992964,-3.459920381872356
1594354935884, gacc,3.6168908127382395,9.885358795055746,3.664474840081483
1594354935984, gacc,1.3895347885131835,13.796287206920981,0.7390596135128289
1594354936083, gacc,0.7293333884641527,7.679102695874124,-0.16235669048149137
1594354936183, gacc,-1.5303437005858866,4.754285362133383,-0.15876518934514605
1594354936280, gacc,-2.61282234537974,8.424447307940572,-0.5779007910463959
1594354936387, gacc,-1.389983701324463,7.54128587828949,3.8066303079249333
1594354936486, gacc,4.524442906940681,19.125182721057534,4.291307054492086
1594354936589, gacc,-3.4174239417253993,10.61020415138565,-0.5590456492550671
1594354936691, gacc,-0.9421185633340384,6.338648310741782,-1.3213007718510925
1594354936793, gacc,-0.8084920484625384,4.031386098369956,-0.5585976862918586
1594354936894, gacc,-5.3844097499571735,6.0052568986088035,-2.855234898144379
1594354936998, gacc,-5.846191687420755,7.9879547100342805,0.534206829944253
1594354937099, gacc,0.9383775593079626,12.173767546136677,0.3740938632689416
1594354937204, gacc,1.033247800091654,7.947552849280089,-0.1372170981258154
1594354937306, gacc,-1.5188216050963848,4.493018105968833,-0.6112702506794594
1594354937411, gacc,-2.088491889544576,7.7699325752258295,-1.742530041912943
1594354937517, gacc,0.6890813388436566,12.004526539501548,7.004086953857168
1594354937624, gacc,0.7432499961410649,12.794463742010295,1.0259148268550633
1594354937729, gacc,-0.8261492925560567,8.521711969580128,-1.101332398345694
1594354937836, gacc,-2.2439655790466815,4.280084964862466,-0.9476541408929974
1594354937939, gacc,1.400458552783355,11.782464773913473,1.9318208800166845
1594354938047, gacc,11.46957298284322,27.014973847851156,8.709655850054324
1594354938154, gacc,4.6763250473573805,18.081759125518797,3.247734259741008
1594354938262, gacc,0.2570771840635687,8.370128857775777,0.5410895021300762
1594354938367, gacc,-1.1098618330915457,4.143764523315429,-1.0606315911775455
1594354938475, gacc,-2.1365257795471697,8.842834340313821,-1.1095623569546267
1594354938584, gacc,-4.027795028775162,4.354604491534829,6.01647906130366
1594354938696, gacc,3.3316810285154728,18.873492271533607,5.853674006000161
1594354938802, gacc,-4.147205987272504,9.304016923644765,-0.3040637569703162
1594354938913, gacc,-1.778742337456229,3.678392160144448,-1.2961604488430545
1594354939019, gacc,2.0005053712594787,10.292822282354534,0.7848483549371361
1594354939126, gacc,11.549030002450383,17.93885521392822,6.249464883422851
1594354939235, gacc,0.9594764614380895,11.01721806828603,0.35912995676249265
1594354939342, gacc,2.0587142621247096,6.2243263505131,-0.35898031915873285
1594354939451, gacc,-3.0042743168152866,7.026383029882609,0.4026740610651672
1594354939559, gacc,-2.1951835010252894,11.755380513763427,-1.5988773435111243
1594354939667, gacc,1.1433808572631328,13.577068409673869,7.796867124706878
1594354939776, gacc,2.102707754162699,13.6274968666628,5.1927242718018585
1594354939887, gacc,0.14619622200108132,4.382735776519775,-0.13257891693115234
1594354939996, gacc,-1.167173382391408,7.75736243198812,-1.872116499029845
1594354940109, gacc,-4.298489915200881,12.96924104772359,-1.0500072117127477
1594354940220, gacc,-1.1523595518801362,9.914837914453074,5.805938733617961
1594354940331, gacc,-1.5321392878989222,8.692597966943309,0.8002619049072265
1594354940443, gacc,0.39339740641489623,5.2447980117797846,-0.06763634302988648
1594354940557, gacc,-2.328810611835122,7.550264134515077,0.20620010652430354
1594354940669, gacc,-0.5787977033535018,11.804312156323343,-0.23567907979115843
1594354940782, gacc,-3.3951272994443773,15.69204717799723,5.807734896319732
1594354940896, gacc,-0.5642835133759304,12.058696228845417,2.907608095992915
1594354941009, gacc,-0.6359597703132313,6.386084015655517,0.6646901628356426
1594354941124, gacc,-1.455974396039173,5.004629657745361,-1.2168530394401866
1594354941238, gacc,-4.277540961201768,7.626729096166789,-1.129464669711329
1594354941354, gacc,-4.27918670084849,10.209624505316466,1.046415763092041
1594354941470, gacc,3.447051913275197,15.710751878467201,2.6689365929201245
1594354941585, gacc,0.12823901543016544,10.017938406106643,-0.3488051082335412
1594354941701, gacc,0.006883329772949218,7.304259621673077,-0.38651407664194704
1594354941816, gacc,-0.482730617468059,6.672340459387004,-1.668608773394674
1594354941933, gacc,0.08424619011245667,8.737788888604939,-0.17986368276660794
1594354942049, gacc,3.446154306848347,10.886435167926177,4.987870830646157
1594354942168, gacc,-2.6303293970303607,5.317222319738566,-0.9751882637023925
1594354942285, gacc,-0.6916252785722725,4.939088387298583,-2.0281885562838986
1594354942402, gacc,-4.735880466593895,11.169998353985696,-1.9075802457947282
1594354942525, gacc,-1.0114007830079645,11.625794787298886,-0.4730041732236743
1594354942644, gacc,-1.720682686902536,11.867908137921242,-0.04219780426025391
1594354942763, gacc,-2.5139113961041906,8.721777372741698,-2.2183775419538954
1594354942882, gacc,-0.10803875177334993,2.888753940582275,-1.6294036572775337
1594354943001, gacc,-0.46028534223027523,13.539808646337686,4.497357742608338
1594354943121, gacc,0.40222579670785924,14.100949952697754,0.3880105988100171
1594354943240, gacc,-1.4375685323853045,11.182268637493998,-1.5040077015198767
1594354943360, gacc,-1.8044797107586752,2.7211598243713375,-1.1471220165528357
1594354943481, gacc,-0.9635168228700757,5.8862941268369555,2.131437589562684
1594354943604, gacc,1.3337198892455546,20.339041793712973,2.3482632080629466
1594354943726, gacc,0.34700960311889645,10.690559690735116,-0.5174468338012695
1594354943847, gacc,-2.2278042063839734,6.09339315496236,-1.6552908074643462
1594354943969, gacc,-1.7075145503722131,6.792200179998576,-0.5590461972443387
1594354944092, gacc,0.2572274792544544,2.3551468300968406,0.1931828771062195
1594354944217, gacc,5.80504076186493,21.587468906402588,-2.313547210925445
1594354944340, gacc,-0.7929293700620531,12.756606012780964,-3.4023097582943738
1594354944463, gacc,-1.3614033573977649,-1.9958669434696434,0.7444473709657787
1594354944587, gacc,2.255338183062896,8.382249795941263,3.692457802636921
1594354944717, gacc,1.3579614002503453,17.783082468414307,-0.07092822418212891
1594354944843, gacc,0.8743324605444504,3.499125726318359,1.5518919539187102
1594354944968, gacc,-5.210680976049276,11.187655006707459,7.6132615474316285
1594354945098, gacc,0.6871359129974618,17.994370764923094,5.836315605572611
1594354945223, gacc,-2.7476453149106352,6.266822845458984,-0.37169966160878537
1594354945349, gacc,-0.10893626686865464,5.96320814743042,-0.38396994511708615
1594354945478, gacc,-2.773682495426852,9.701604639622662,-0.754472725091502
1594354945608, gacc,-0.8207620282934512,14.574402161949871,4.435557266125083
1594354945735, gacc,1.156100418908894,9.887304248301405,1.1311106468200682
1594354945862, gacc,-1.1170444928709418,6.922535117395221,0.11357479512318969
1594354945990, gacc,-1.0205280192501842,6.678625531005859,-0.35568893119683487
1594354946120, gacc,3.1316156253539025,14.98934840621948,6.995109136022999
1594354946250, gacc,-4.635623473004252,9.881319346939213,0.17477672119140625
1594354946378, gacc,-1.787571179840341,5.774664766693115,-0.8466497082032263
1594354946507, gacc,-1.233014293371886,5.335927312469482,-2.025494823687896
1594354946637, gacc,-1.947533266802877,11.59422022999227,1.6029180114746093
1594354946768, gacc,2.2729952193771488,22.030396213531493,3.452738069152832
1594354946900, gacc,0.014963650778122246,7.238570174927264,0.279822757422179
1594354947031, gacc,-2.5628429473325607,5.59913985748291,-0.8191160237852484
1594354947162, gacc,-0.539892328234762,9.229647874826378,0.2772790094898082
1594354947296, gacc,6.90742201167643,12.975076914270222,4.327968705804646
1594354947429, gacc,-0.09950929876118898,11.034426246587932,-0.7728779311582445
1594354947562, gacc,0.42616841153104323,4.304924222564697,-0.4827309097290039
1594354947695, gacc,0.4683654440397396,12.678344961492716,-0.2950852084837854
1594354947827, gacc,-5.874472317748516,7.61849946635142,2.109291662597656
1594354947960, gacc,1.620126276541478,9.882067872884729,-0.36975466502085325
1594354948093, gacc,-0.4195837678771466,6.129755384936928,-0.7625528086346574
1594354948228, gacc,0.03980367566533387,9.024345119000598,-1.8317133961666374
1594354948361, gacc,4.622155869470164,8.182782870129495,4.939836906394234
1594354948498, gacc,-6.112546622113138,13.0489975982666,-0.5752072411134839
1594354948634, gacc,-0.026186434527486563,3.5242648437499997,-0.924311770685017
1594354948769, gacc,1.244834842085,12.208184195001422,-2.2683559855864264
1594354948908, gacc,12.672958519214019,19.302053199657795,11.133486194146425
1594354949049, gacc,2.051681440878473,12.206088099505006,-0.039654549518227576
1594354949189, gacc,-1.9791068011961876,5.686228942871093,-0.8909424389161169
1594354949326, gacc,-3.114856213732809,8.160188030353188,-1.163581531911902
1594354949463, gacc,1.121683167255949,9.452158425361569,5.693560900044243
1594354949600, gacc,-1.223886134681059,9.361926858962885,0.43454708986170587
1594354949739, gacc,-1.0425257333835587,5.829582351794839,-1.1299131429895466
1594354949878, gacc,-1.7130515070375054,12.304551104083657,0.1345248633671552
1594354950016, gacc,-1.5876550854889675,6.7365352836608885,1.3926770503279753
1594354950155, gacc,-5.484367961529642,10.907533704730122,0.40506901164399456
1594354950295, gacc,0.3824734229490161,7.8891935992918905,0.13781572160609065
1594354950434, gacc,-3.178003428649902,4.2874166229248045,-1.6943460028499364
1594354950577, gacc,-8.051101687489357,12.515539540863037,7.836072249957174
1594354950718, gacc,0.8376714245781768,15.93490900889933,3.6505591639863324
1594354950859, gacc,0.18974095649141817,5.802646998596191,-1.2086224141109734
1594354950999, gacc,-0.7882909057395998,3.097349344745278,-0.40372167042195795
1594354951143, gacc,8.716091582190245,13.773842735400795,2.7383684547643874
1594354951287, gacc,-1.4577695358276366,11.669488967596738,0.5942114359866827
1594354951429, gacc,-1.1646293787307105,5.366603021240234,-1.2473784804195165
1594354951571, gacc,0.3959409534178674,7.3569327888488765,0.28730317630544305
1594354951717, gacc,4.340837484929058,20.164864207458496,8.458415135325584
1594354951860, gacc,-1.5361791287411004,7.223605683898925,-1.260696738610789
1594354952003, gacc,0.019003975677490233,5.063287013897299,-0.7929300641817971
1594354952148, gacc,-0.2668046512212604,16.50353190318644,7.365462561521446
1594354952293, gacc,-1.050006919451803,14.138209716033934,3.3231523729418666
1594354952438, gacc,-3.629310295458883,9.913340789496806,-1.5273517522282898
1594354952586, gacc,-1.082778394925408,7.844152680560201,-2.427870121002197
1594354952732, gacc,-2.3328501695495096,12.847884951074422,6.078130703900754
1594354952877, gacc,1.6201264089722185,12.03849456781596,4.60808927712962
1594354953023, gacc,0.10564414825439453,5.111620836694538,0.08409669863916933
1594354953172, gacc,-1.23555801304856,7.369502055303752,-1.9610005780760198
1594354953321, gacc,4.356399558258056,22.021866870117186,4.1024642706830985
1594354953467, gacc,-0.21817148015126583,8.201337786865233,0.4984425658628344
1594354953615, gacc,-1.9574092755857855,5.662137580926716,-1.1320086185730993
1594354953763, gacc,-0.13587094421386717,10.457872924627736,4.605695513860881
1594354953910, gacc,-1.8091187025208024,13.270910456903279,4.6811134141450745
1594354954058, gacc,-0.5042787246704101,6.095487789154053,0.08499397627245635
1594354954207, gacc,-0.7049429339753464,9.116970357336475,-0.9121902205981779
1594354954357, gacc,12.364406364783271,18.083405723682045,7.872434356634155
1594354954506, gacc,1.2491748623169958,9.72120736664459,-0.5038292638698593
1594354954655, gacc,-2.3986903498776257,6.763021139526367,-1.0271118546199054
1594354954805, gacc,-1.3763663505887611,8.732402007934823,-1.515528920226544
1594354954955, gacc,3.7981018960923887,8.60775308028534,10.769717836993559
1594354955108, gacc,-2.808547984037641,10.27202334955167,-1.039382676984323
1594354955259, gacc,-0.20679953372217713,5.058499487359821,-1.0862194022247567
1594354955410, gacc,-4.987271841839701,10.236559493188931,-0.9504977668210863
1594354955564, gacc,-0.8089409589905291,3.681684187427163,-2.388365501348674
1594354955716, gacc,1.9803036097653208,8.484302349444478,0.2085942716518417
1594354955869, gacc,-2.766050904569868,7.759607142174988,-0.055664969402924175
1594354956021, gacc,-1.4059948518615215,9.271246763345413,-1.4044985488891601
1594354956175, gacc,3.3390136181595733,19.986945681110022,4.912752753558754
1594354956329, gacc,-2.2602759134597146,7.794323796899616,-1.0829268269527703
1594354956483, gacc,-0.6413468245132826,8.794201899896189,-0.31693229863271116
1594354956637, gacc,3.131765445620753,10.789020357226207,3.617040011950582
1594354956792, gacc,2.115127547410596,13.521703080804645,0.6738185681216419
1594354956948, gacc,-2.78759899350591,6.551433275549114,-1.0724525600157677
1594354957123, gacc,-1.0485106895446776,10.711658812060952,-0.17941461012512444
1594354957276, gacc,5.467309128570556,12.347646441705525,3.490746678094938
1594354957432, gacc,-0.5015852843353524,10.342801680401712,0.4251212177327834
1594354957592, gacc,-0.6694786392211913,4.607940954700112,-0.43783915367703885
1594354957749, gacc,-3.1877297267638145,9.711181912054167,-2.156426704064384
1594354957909, gacc,15.537620951721443,19.92619222946167,-4.459798612733092
1594354958067, gacc,-0.4183867949112318,12.354678824560343,-1.0359415692202747
1594354958225, gacc,-1.363647446530126,7.435343477740884,-0.7372638892024755
1594354958383, gacc,1.4252982488770036,6.10656067957133,1.088762620434165
1594354958545, gacc,0.9730932093855924,19.066524195861817,6.303036022351682
1594354958705, gacc,-0.36317053739018734,6.417358859363198,-1.327584309099987
1594354958866, gacc,0.2615665313720703,7.916427497045695,1.180939859274216
1594354959032, gacc,2.9010240048948672,22.276700293841955,3.6540006827423346
1594354959193, gacc,-0.07766193461762741,6.829459943334758,0.9265564078066497
1594354959354, gacc,-2.149394650003128,7.366659086962789,-0.8487442693296819
1594354959514, gacc,-3.7939118787903334,10.180893975796737,6.129904584149271
1594354959678, gacc,-3.6453216651916502,8.05125141642466,-1.202487235824205
1594354959838, gacc,-0.12734167386479675,4.426429956817627,-0.9823707225523889
1594354960001, gacc,-1.990928171893209,11.267562217767535,-0.8782224206126295
1594354960163, gacc,1.2012907195160165,12.544419013866781,4.081365131090954
1594354960326, gacc,0.6587045856200158,7.6605471946164965,-1.1388923136722295
1594354960493, gacc,-2.7314846729002893,9.889250249536335,-0.9377788627624511
1594354960656, gacc,-6.625952948351949,9.008632586083934,4.408023947033286
1594354960821, gacc,-1.785475449670106,9.218723416436463,1.2383998954003677
1594354960986, gacc,-1.0895116121705621,7.323563895471394,-0.5054759168320335
1594354961152, gacc,-2.93065246963501,12.198607388360797,-1.9283795073911547
1594354961318, gacc,-0.11297640910493209,14.82983530513346,3.8652891619142142
1594354961484, gacc,1.5652088969357312,6.933607715551554,0.36361879261434077
1594354961651, gacc,-2.677016731262207,9.059659008966014,-1.1569978061400352
1594354961816, gacc,-0.5802947735108435,10.90798247141093,5.534196991320699
1594354961984, gacc,-3.407846788024902,6.598119915661216,0.2545332032357575
1594354962152, gacc,-0.058807541744969785,7.229441258184611,-1.3075332720549777
1594354962320, gacc,3.473836642489396,15.856497735485434,5.512798160962504
1594354962491, gacc,-0.7881414781983941,9.834931963768321,0.511162638965249
1594354962660, gacc,-2.356492984008789,7.627029248157143,0.6208471486516296
1594354962829, gacc,-2.077568563665822,13.13548842550069,-1.059134959411621
1594354962996, gacc,4.332906381402537,15.107860803875326,4.938938238238171
1594354963165, gacc,-0.22744948650840668,6.78995561594218,-0.40237540691215545
1594354963334, gacc,-1.9981110691346227,11.946766716711222,-0.9047090984620153
1594354963503, gacc,-1.0200797640260308,11.7686979682371,4.094982591424509
1594354963675, gacc,2.161365621771291,5.618443400628864,0.8602661821560934
1594354963845, gacc,-3.2377091248109933,9.296984138931148,-1.8112132636472582
1594354964014, gacc,1.598279428421147,12.125733290807903,4.530128377831727
1594354964184, gacc,-3.728669883551076,6.6286462790891525,0.7900867670472711
1594354964356, gacc,0.19482820576098747,6.842030086572468,-1.291522523376718
1594354964527, gacc,4.912901623977534,22.27639926506877,19.519926719775796
1594354964699, gacc,-0.6675332407744601,8.734346420000865,-0.6438911204349249
1594354964873, gacc,-1.287930636364594,7.232284226525574,-0.7812582214906811
1594354965045, gacc,-0.7637502565246075,8.120084641088917,-0.7821551703304052
1594354965220, gacc,3.4501945221498604,17.667262378582357,4.787355277130869
1594354965394, gacc,2.2119428761137647,6.23091040507853,0.06718732062075286
1594354965568, gacc,-2.9073091130463404,11.077971519934385,-1.6109983324797823
1594354965742, gacc,0.1087865744659677,14.194622508129477,1.8501192232878878
1594354965915, gacc,-0.587776763296686,6.391021764318644,0.7836522039551287
1594354966090, gacc,-0.7830535439422354,9.609727357551787,0.310199044854939
1594354966265, gacc,3.4153283759519457,9.496001932735927,3.922900004687905
1594354966445, gacc,-0.6714240742005407,7.249942194421589,-0.34222111303361596
1594354966620, gacc,-2.612971727255173,9.029881052752584,-0.5346555235598236
1594354966797, gacc,0.44457324770502743,8.64381676570475,-0.915931334222108
1594354966974, gacc,0.9105446270819287,7.822305152019858,0.567275973190181
1594354967151, gacc,-3.411138815307617,8.778490316827595,-0.7912830641597509
1594354967328, gacc,-3.5256112168576568,12.579734072875976,2.2667104948181658
1594354967507, gacc,1.4209586487701162,11.5360123711735,3.571401489226991
1594354967685, gacc,-0.6010942908355966,7.049278752301633,-0.6473316528102383
1594354967876, gacc,0.6226420509780757,16.12135687866211,-1.2892772286679595
1594354968058, gacc,-0.19078783519584686,8.593986347674205,0.7746732170771807
1594354968237, gacc,-0.3724479226928204,7.224354164178669,1.1876739898348228
1594354968415, gacc,-3.539677516937256,13.035978834478556,0.5576994953431189
1594354968594, gacc,3.804685932391509,15.289670492443442,5.2049937515925615
1594354968775, gacc,0.5864297417350579,5.144989730072021,-0.16624701245091855
1594354968956, gacc,-3.6927568129829593,11.519999832396953,-2.987216068378091
1594354969137, gacc,0.23777415237426758,12.508207590539753,2.652625765316747
1594354969321, gacc,-0.8466495986053719,6.047304480743408,0.9609718510949984
1594354969512, gacc,-2.1859058965269473,13.343784262195229,-1.0808319735653698
1594354969698, gacc,3.486107181726023,13.673285681152343,5.267242994756624
1594354969881, gacc,0.29732997346958145,5.4834691129937765,0.3146872596522793
1594354970064, gacc,-4.909909328560065,13.564799002948403,-2.968360561260581
1594354970246, gacc,0.1375168847899884,14.116960591778158,2.9833245956311933
1594354970429, gacc,-0.5153517977507784,5.738302536718547,1.1438294960797764
1594354970613, gacc,-0.3989336324278265,13.94308286525309,-2.085648482812196
1594354970797, gacc,3.4822169693544507,14.985907325854896,5.518036248845653
1594354970981, gacc,0.8189664957793429,5.994333353534341,-0.022445056042075157
1594354971168, gacc,-5.600337250573933,13.217639177703857,-2.4941590680111196
1594354971356, gacc,-0.2509423163040541,8.954912759399413,0.8396171974842436
1594354971541, gacc,-1.633893068518117,8.342894960021972,0.7764693067137152
1594354971727, gacc,-0.580593683392182,11.29958422658071,0.72933382685557
1594354971913, gacc,1.7934066445281729,13.37131728902608,4.066701618603454
1594354972100, gacc,-1.1393408246247096,6.9690724121645085,-0.4700113937490154
1594354972287, gacc,0.41973344201352447,16.979378898620606,1.1279683302063495
1594354972477, gacc,0.6299743620609631,7.751376927837729,1.8188444891780613
1594354972665, gacc,-3.182642267431691,8.33690945587158,-0.4550478069029748
1594354972854, gacc,-1.3753189969602972,12.839356192182004,5.3242563100285825
1594354973044, gacc,-3.042431905774027,5.142146615600586,0.675165311122057
1594354973231, gacc,-1.5854104118347168,7.556848919732868,-0.8051998408000217
1594354973420, gacc,2.226458034205716,8.76936220380254,1.9469348259856922
1594354973607, gacc,1.1758522355453112,4.976647425842285,0.4923082095599733
1594354973798, gacc,-1.8641854868348686,9.916633218638319,-0.1619078872680664
1594354973988, gacc,0.638653402444534,8.801535019263252,4.437803291486204
1594354974179, gacc,-2.77098914642334,4.738124500927329,0.6811501394190127
1594354974369, gacc,-3.3354222243377936,12.900857247327268,-0.6260831496089696
1594354974559, gacc,1.1498152742248027,7.942763861437887,2.3849233798044733
1594354974748, gacc,1.6066589881012214,4.486434635925293,0.7350207681844941
1594354974941, gacc,-1.9083284338135271,11.168801545416564,-0.7410055599488318
1594354975132, gacc,7.433397458239645,14.139855729675292,3.5326441111691294
1594354975325, gacc,0.36077644532788544,4.900930506078899,-0.2976296505359001
1594354975516, gacc,-5.068375276947021,13.806462856237589,-3.3605615244325246
1594354975713, gacc,-0.3616739421568811,11.029189661108703,1.7173909838468069
1594354975907, gacc,-1.282244480486959,7.499985899651795,0.9473551031474955
1594354976101, gacc,-0.7444472248353063,10.860248221942037,1.3127701863277703
1594354976299, gacc,1.5444096444724593,11.49680658833608,3.682431352532655
1594354976493, gacc,-1.2840402778625488,7.099107197570801,-1.3432970612123607
1594354976687, gacc,4.643703857941506,14.321665418243407,5.733813335540518
1594354976882, gacc,1.6295537058732472,6.607248101751506,0.6962630122423638
1594354977077, gacc,-2.1603180854797364,9.527875198994483,-0.30032223235443234
1594354977273, gacc,-0.9404724857605993,11.158476258496194,5.866094219373166
1594354977471, gacc,-3.1688756078857927,6.53407589803487,-0.24824862480724694
1594354977667, gacc,-1.3227964903015643,10.566808954034373,-0.009876227978616953
1594354977867, gacc,1.1065698971403761,8.526949943298845,2.975993357693963
1594354978065, gacc,1.3109750648056155,4.786607669067383,0.4164414147308096
1594354978262, gacc,-1.1216835508484393,11.792940429089963,-0.5490196375422179
1594354978460, gacc,4.91110630152598,14.911387799182533,3.900004866790771
1594354978658, gacc,1.2592003625731913,5.189132823181152,0.1910871834686026
1594354978857, gacc,-4.517409802566655,12.73116732788086,-3.420864967291057
1594354979055, gacc,-0.5223850391221232,10.587159960406645,0.051775140623841434
1594354979254, gacc,-0.2742856546264142,7.464073459271341,0.6308721374511719
1594354979453, gacc,-3.820697155993804,11.342081598309427,5.8801591312132775
1594354979654, gacc,-1.1733083049498498,6.475716648046672,-0.11686734299571253
1594354979853, gacc,-3.137002688687108,10.933271299511565,-1.2373536012178286
1594354980055, gacc,-0.37394452934256983,9.723301822739769,5.249586195904389
1594354980255, gacc,1.6614265337403862,5.792621863666176,0.7881419394226977
1594354980457, gacc,-0.017806436455994844,14.142998119354248,-1.2644381901614368
1594354980658, gacc,1.4457981622006744,12.399869673156738,5.85487088763453
1594354980861, gacc,-0.0987608184814453,3.8560108267635105,0.6328175632973667
1594354981068, gacc,-2.095225933340215,16.029329167827964,0.8215098601192236
1594354981272, gacc,-0.9897031272501102,8.366387917681783,1.3540707038215827
1594354981476, gacc,-1.033547221429646,6.140528707885742,0.08050525001846254
1594354981678, gacc,-3.2206501457214354,13.669694670923054,3.299060396222025
1594354981883, gacc,0.501435391003266,6.6657564048215745,0.7053911891994997
1594354982087, gacc,-0.9614218598848209,8.70845962600708,-1.6828236881647258
1594354982291, gacc,3.365050588613236,7.39778429306671,2.3451202338621018
1594354982500, gacc,0.6872852674734312,7.110928568267822,0.8022076321475208
1594354982708, gacc,-0.7864950261656194,10.803534985595196,-0.5244802395693957
1594354982914, gacc,2.054524299621582,10.328885529382527,2.629582122327015
1594354983122, gacc,-0.2792237686157226,5.485414694103598,0.34057441897224633
1594354983328, gacc,-6.821080493252538,11.73413255855143,-5.015851674309745
1594354983534, gacc,-0.19048866958618163,9.697414129130262,1.4155715489042922
1594354983743, gacc,-1.8182466694153845,6.398653866632283,-0.9889546309873462
1594354983950, gacc,3.2818520717896518,13.647548305566609,2.9499561589114367
1594354984158, gacc,0.9163810507509856,7.371896695355326,0.6473318605895038
1594354984367, gacc,-0.7942766930177807,6.9431853989750145,-0.28236553724016994
1594354984577, gacc,-2.939031974516157,10.28908229210861,3.035249556521885
1594354984785, gacc,0.2368764728821814,5.680692643792927,0.8453023441483033
1594354984994, gacc,1.0181343655792996,12.086528823144732,0.9392748004086315
1594354985203, gacc,1.8564042218415064,10.641927396447956,5.675305982318521
1594354985413, gacc,0.29867658403925595,3.453485672649741,0.16415267052017152
1594354985626, gacc,-5.236268229974061,14.385261107580362,-4.444985019683838
1594354985836, gacc,-1.2991537854401394,8.717437809167428,0.9923965881347656
1594354986046, gacc,-1.6121955429077148,7.058854097637534,-0.27204233267903327
1594354986259, gacc,-0.3028662177488208,13.201029988208413,2.424129911560565
1594354986470, gacc,0.07421988613866269,5.213673390197753,0.18839399886187164
1594354986682, gacc,-4.663007592883706,13.83818661275655,-2.0064901173580436
1594354986894, gacc,-0.17836776795331388,13.649493302154541,1.761683691726811
1594354987121, gacc,0.09352394074127078,4.223371728515625,0.5602434807375073
1594354987331, gacc,-2.6850973079957066,16.001496573528648,2.678513180365041
1594354987547, gacc,1.0375872358017602,8.785374084991961,1.5481513060856609
1594354987760, gacc,-1.0317515730386395,8.531439071411638,-0.7187090272656641
1594354987975, gacc,-0.30451237752065063,9.089137397710978,3.1022870751420966
1594354988190, gacc,-0.7413048351563513,7.013365435138344,0.14021028859242796
1594354988405, gacc,-1.0842737115170806,11.358541734723001,-0.8221082644037901
1594354988620, gacc,2.384026010839641,9.720608304772899,5.430348786572367
1594354988840, gacc,-0.6552634321901947,3.878008139038086,0.597952065553423
1594354989057, gacc,-5.711069077356159,12.799551712799072,-4.344578224093653
1594354989274, gacc,-1.1979987104996106,8.469637864276022,1.3000518667910248
1594354989490, gacc,-1.3874400081910192,6.903830416925251,1.357212700774893
1594354989708, gacc,1.3736728371884672,12.3823617812559,3.236511147198081
1594354989933, gacc,-1.0521017728392035,3.0276176368713377,0.4556462933859322
1594354990155, gacc,-6.103268579223379,12.777106072235107,-3.2511761803558095
1594354990374, gacc,-1.3588591676490438,8.80198320142217,0.7362177502835635
1594354990592, gacc,-2.224213050024211,8.725967517907916,0.7646488858647644
1594354990811, gacc,1.2370536866894923,13.176339491327106,2.371756092657521
1594354991031, gacc,-0.8288427602905779,2.6638486221313475,0.01062441599741578
1594354991251, gacc,-5.111171960415877,14.066981924383342,-3.9622539638243612
1594354991471, gacc,-1.7374424912492743,9.195679554251022,1.0826278440061956
1594354991692, gacc,-0.24884740811772643,7.058405769348144,1.0875663415879941
1594354991913, gacc,-2.3630770385742186,11.990161475671082,4.038718779345602
1594354992134, gacc,0.702548385255318,5.074360488836467,0.042646132549643515
1594354992358, gacc,-5.292383208166807,14.854974422565101,-1.9565113038327544
1594354992582, gacc,-0.07721327753467484,12.601281303295492,1.5659575142127926
1594354992804, gacc,0.168641287176311,4.692185756573081,0.12419848046824335
1594354993025, gacc,-3.3343745784483847,14.137012322942912,2.6292822991302236
1594354993248, gacc,0.3458122100278735,7.5715125281184905,0.0745189786830917
1594354993469, gacc,-3.3400611727174367,11.300631543676554,-1.857751216003671
1594354993692, gacc,0.3468603125750087,13.470227745111286,2.3590366771422326
1594354993916, gacc,-0.021996654687449334,4.535515769958496,0.4215289105955511
1594354994140, gacc,-7.812130233355611,15.412972462463378,3.5040637672424313
1594354994363, gacc,0.3709516562530771,5.600935216467082,-0.024092238727211952
1594354994587, gacc,-4.61018471503891,14.236521913965046,-2.1930885745726525
1594354994811, gacc,-0.6247367217023857,12.283451325170695,1.1373947685908525
1594354995037, gacc,-2.5007437070984393,5.822996835924685,-0.2837134812504053
1594354995262, gacc,0.39399592029731717,11.599907774109393,3.062783350537717
1594354995488, gacc,-0.2397194412231445,2.710983882793784,0.2401679110764293
1594354995717, gacc,-4.105607226617634,16.916082192230224,-1.7450734062528237
1594354995944, gacc,-3.0386906368864697,8.675090440368653,1.0371384508546442
1594354996171, gacc,-0.7190086130004376,11.49067144658193,0.19303170513249931
1594354996406, gacc,3.0092122938072774,9.347262666055373,5.689072568799182
1594354996635, gacc,-0.5768527806870392,6.699574795532226,0.3090010672420263
1594354996864, gacc,-0.3779845505645498,9.874585700435796,1.651699870300293
1594354997091, gacc,0.3933971232871059,9.210194182620011,1.7109557951335794
1594354997322, gacc,0.013467151442938483,10.40295614324361,1.3497317339023573
1594354997556, gacc,-0.5565022438159911,12.247388954925537,1.3669392180845141
1594354997786, gacc,-1.8127099867447278,9.05292597438395,2.9911066460758446
1594354998018, gacc,-5.0330609485901885,3.747075235748291,1.5307925403319298
1594354998249, gacc,-7.29438434354253,11.682058087921142,-7.896974389361217
1594354998479, gacc,-8.236802191217244,9.454103513281046,-11.073781228637694
1594354998713, gacc,-3.5392285310607403,-0.07541735229492187,-8.307131645788624
1594354998944, gacc,-0.5657798894135281,-6.7146885588381435,-6.274154649651795
1594354999212, gacc,0.16894056238383054,-8.002020863983407,-2.501940734863281
1594354999484, gacc,1.381005481631495,-8.65010117973648,-5.017498455136082
1594354999744, gacc,0.6281785464190645,-6.568342324773967,-5.864447328948974
1594354999976, gacc,0.20769686158781403,-5.6188918750487264,-8.007557071730028
1594355000210, gacc,0.540640762848733,-5.194669524118118,-8.755146430515962
1594355000446, gacc,0.46387674975178667,-4.926518812599743,-8.577376902450434
1594355000680, gacc,0.753874366472708,-4.655525164706446,-7.938125022656098
1594355000926, gacc,0.5680244717362336,-4.962581290159467,-8.380454290826618
1594355001161, gacc,0.5020340487328707,-4.698770468725637,-8.535178994300548