1594354921802, acc,-0.44020811129808424,-0.015412401475908699,1.195173588342592
1594354921828, acc,-0.2378090958234854,-0.16304531206646933,-0.34513200921136883
1594354921849, acc,-0.08662270998544991,-0.7696277702558785,-0.4166621813420206
1594354921865, acc,0.4696619501236826,-1.3418901170238853,-0.3212578702142462
1594354921893, acc,0.4348049005476758,-0.9530436519116162,-0.836066720194742
1594354921908, acc,0.11304241441269404,-0.5062220772905275,-0.3187068340245634
1594354921923, acc,-0.22943744545523076,-0.6586871230285615,-0.9276709449198096
1594354921946, acc,-0.5240279657572507,-0.8006192669775336,-0.1901681871938519
1594354921958, acc,-0.24967565736910327,-1.1944408170886338,-0.06796110887168906
1594354921973, acc,-0.052948604850005354,-1.2644680007778106,0.1807875059135258
1594354921990, acc,-0.3594852364735678,-1.1372214578505604,0.7365196467064321
1594354922008, acc,-0.42167646584007884,-0.9888267668239772,0.4924455174051225
1594354922024, acc,-0.3052770234839059,-0.8262835773270577,0.09560714022349566
1594354922040, acc,-0.29305399491712447,-0.758103044417873,0.20257386058485136
1594354922058, acc,-0.3678167922934517,-0.45974458641707894,0.38912016748711464
1594354922081, acc,-1.4908936606638132,-0.8469378774948417,0.8443952072747051
1594354922093, acc,-1.9928584093034267,-0.999375998693332,0.8476302436731755
1594354922108, acc,-2.008773186793923,-1.0280622141472995,0.8489153150476515
1594354922128, acc,-3.5867502337574955,-0.506917146882601,2.1019715488426387
1594354922143, acc,-4.658860994598269,0.012924084941647014,2.362165622817725
1594354922157, acc,-5.219048653495311,0.10530684259142727,2.406413783736527
1594354922178, acc,-9.292394655716418,0.34520901997033504,2.1781658768594263
1594354922195, acc,-4.292939185738564,0.07956110103614628,1.666959106491506
1594354922219, acc,-3.854041864778101,0.34890520760715005,4.268156918920576
1594354922236, acc,-3.4482664766967295,0.42950361580178137,4.237463382232189
1594354922250, acc,0.9955298446591943,1.3056455220796168,5.16341736716628
1594354922274, acc,2.3050606106743214,3.0059707454696296,4.761357200215756
1594354922293, acc,2.667315129198134,2.4103233583956953,2.5049936926931142
1594354922311, acc,1.658231756287068,2.3776344101063906,0.01981364580927184
1594354922332, acc,1.2920996656775474,1.1266923189211635,-1.4622116099283098
1594354922351, acc,-0.6976538364131003,2.1897899714186786,-2.586203949175775
1594354922377, acc,-1.4808463139019905,2.1014466481857,-3.470606903320551
1594354922396, acc,-2.057448078113794,0.21764877145141362,-2.761037076729536
1594354922422, acc,-2.4962866546243427,0.5380087795104831,-3.58698521155715
1594354922445, acc,-2.385479278387874,1.1807404277119784,-3.5653368588507175
1594354922472, acc,-2.2423741451367736,0.5732811318891122,-2.152681014730036
1594354922493, acc,-2.0158897408008576,0.35073286142572757,-1.091188678537309
1594354922518, acc,-0.8158807681910694,-0.3681702819062397,0.17896257377499714
1594354922541, acc,-3.3021763362854717,-0.931345760975033,0.30913908747322855
1594354922566, acc,-2.4084387136928735,0.482368433092162,-0.7526828460000455
1594354922588, acc,-3.1500872477203608,-2.1291711059354244,0.1706318582053296
1594354922618, acc,-3.4392560717672107,-0.48899705745168026,0.9027172670576721
1594354922641, acc,-2.2481809317193924,-0.0334789593059686,-0.1545842481154017
1594354922672, acc,-1.616907958382368,-2.445727264732122,-1.8459305028937756
1594354922695, acc,1.2931143956780433,-0.10709975389018654,-0.21316682199807838
1594354922726, acc,-0.12397017900454811,0.5650112065959721,0.0023766508766784682
1594354922749, acc,-0.3437525740843266,-0.275721441316884,0.668499126664549
1594354922778, acc,0.17063728329911826,-0.6309369463156909,-0.7065202297620475
1594354922805, acc,-5.230313559353351,-4.3223084880858655,4.635732047945261
1594354922834, acc,-2.13927895071283,-1.9132707855865358,0.5446936275692656
1594354922861, acc,1.0238635934136808,-1.540715968453139,-0.8538369162935763
1594354922890, acc,-0.23279437293400987,-3.822801800122857,0.4816443566013127
1594354922916, acc,-0.3581088700864464,-1.7974753918044268,-1.109579125426337
1594354922949, acc,-1.7230207470618188,-2.8619547809839245,0.39751879719384015
1594354922976, acc,1.0474068930212408,-2.168795552576333,0.6438549531430006
1594354923007, acc,0.2517729584419168,-0.5925734229886904,3.1317522573456165
1594354923034, acc,-0.618603534443304,-0.3146942739149555,1.2681143944561482
1594354923066, acc,-1.6265879331365227,0.04478296191524714,3.3034137691259384
1594354923095, acc,1.2211097744360566,1.1344990471493452,0.7746015400804579
1594354923127, acc,0.7243809536885469,-0.040032278523128476,0.6027324134314432
1594354923157, acc,0.6667133392263204,0.045787019824679004,1.0843775372177362
1594354923190, acc,-1.1904330427519976,1.1923575810737908,2.278995172178
1594354923219, acc,-2.936923804989457,0.919372049260512,0.8393423077993094
1594354923254, acc,-2.676959448117018,0.23772192899668587,2.393832534582913
1594354923285, acc,-3.3798166253268715,-1.1597535345889627,2.2551436103388665
1594354923319, acc,-2.3604067964516577,0.08985688786739483,1.5621308046646416
1594354923351, acc,1.590693612934649,-1.0800032676562665,1.1038940655272453
1594354923387, acc,0.21486248346744105,-0.6072405385056511,0.4370409159714356
1594354923419, acc,-1.4695236865073442,-0.81650204189457,1.5519513559557496
1594354923455, acc,0.44727713636886324,0.0916152758420445,-0.1199858860081993
1594354923488, acc,-0.0026252664739178726,-1.3555395799309014,1.7178996046558022
1594354923526, acc,-1.5631773911081253,-0.6298057503286749,0.42140553994420915
1594354923559, acc,-0.6550627950515597,-1.0983520673606544,1.2452863304458557
1594354923596, acc,-0.8534411219090223,0.620437618002668,-0.4725156955869868
1594354923630, acc,-1.1588688607089221,0.590354212569259,-1.0454912686582654
1594354923668, acc,-1.8596128451570868,-0.45967579549718646,3.1811680301606655
1594354923708, acc,-0.2986417684542015,-0.16183710532048717,1.5143367878325282
1594354923741, acc,-0.9200530172619968,-1.496808145404607,1.1439360799930989
1594354923781, acc,2.0804474070377648,-2.1538480126827952,1.6303319419704376
1594354923818, acc,1.2838741275154053,-0.4214972002830356,2.760406669871509
1594354923858, acc,-0.9274985840275883,-1.0751135228533297,0.945687590060383
1594354923896, acc,-0.18581192821310832,0.7807865853909403,1.9262050859615205
1594354923943, acc,-0.08220425422238185,0.4234236017683521,1.0073920588232577
1594354923997, acc,-0.24095707499301058,-0.383445884710364,1.7814976320803164
1594354924046, acc,0.33855460358243433,-0.0934010906797368,1.9990762609049677
1594354924088, acc,-0.6833611071664839,-0.9431379055775702,1.4927780131056905
1594354924132, acc,-0.5496028807902709,0.6204888367332517,1.305212391359359
1594354924228, acc,-0.35299233079031106,0.3682253365617245,0.7218410599473863
1594354924317, acc,-0.3459758396243676,0.9072349636778235,1.2698872493475675
1594354924370, acc,-1.485428819386661,-1.6692764435231684,0.33086302616652097
1594354924428, acc,-5.301237107360363,-6.625102030611038,1.7537639681108295
1594354924490, acc,-3.9843715414777394,-0.40496034537144004,1.016583957799524
1594354924544, acc,0.3559799317663535,-1.6296373838350176,-1.3529999784506856
1594354924593, acc,-2.677242064450681,1.5250094268858432,1.0525484206281601
1594354924640, acc,1.0146294627308845,0.6155794373817741,-0.23594927503466603
1594354924682, acc,-0.5908087514037266,0.9670938776392489,1.5493486261114477
1594354924728, acc,-0.5813401543779299,0.30877401702050117,1.680214747775346
1594354924771, acc,-1.022990025449544,2.1343770040154455,1.5632530866928398
1594354924824, acc,-0.6292793883670121,1.5585434476971625,-0.17354787351619452
1594354924870, acc,-2.362190318867564,0.97447485473603,0.042795231297286226
1594354924917, acc,-0.25277188808508216,-2.0392333531178535,1.9405138895601033
1594354924962, acc,-0.4684851979618892,-1.3575937359817325,0.49702035103999076
1594354925014, acc,1.6999666192106901,1.6529637527562677,1.1712718306861818
1594354925060, acc,-1.8963528224028645,-0.45330205921418965,1.2187655493974685
1594354925111, acc,2.615163501678407,-0.6524097963247448,-2.8682550501719115
1594354925159, acc,-2.8555525127261876,-0.5435065366765484,5.699765300792455
1594354925217, acc,-2.8420383666366336,0.895690875552222,1.5822297359719872
1594354925269, acc,-0.6433993183299899,3.8415158529430626,0.9338510217942297
1594354925323, acc,0.08976692629531026,-0.20789841660847885,1.9159607553228735
1594354925374, acc,-0.16445751695195213,0.645105537725985,-0.6464660124242305
1594354925426, acc,-3.4237501673385498,1.0074689965169876,4.112160593783855
1594354925477, acc,-0.38669812797196207,0.32743593779467045,1.4864954257048666
1594354925529, acc,0.18064930301923304,0.5564935536194593,-0.3305985300114378
1594354925579, acc,-1.7444556031480432,0.2716348478566855,1.0643846966333688
1594354925631, acc,0.32633575800042597,-0.47289735184833404,2.6998469872295856
1594354925681, acc,-1.5780667710736394,0.6248966432381421,1.3223951429590581
1594354925733, acc,-0.658064534150809,-1.5904218102559446,3.5332366702347993
1594354925784, acc,-4.803760171659291,2.0368074411451818,-0.7474573664367199
1594354925838, acc,-2.20875960643515,2.309251924884319,3.0214179054483767
1594354925889, acc,1.1998833004035054,-0.1298808460867498,-0.030418044215254483
1594354925943, acc,-0.7073703437853605,-2.2229946141451595,1.5768617791980504
1594354925995, acc,-2.048167185679823,1.4095420960143208,2.627111129103601
1594354926050, acc,-1.3592282053157687,1.8773069072797894,1.2170302500374615
1594354926102, acc,-1.5130996472530065,-0.13953406069814225,1.682161790189892
1594354926158, acc,0.8624315069638192,-0.36113662040978667,0.8689258374191821
1594354926210, acc,-2.107481106044352,-2.0653001067884267,0.052785500409896484
1594354926267, acc,-0.09168965625250712,0.912701631585881,-0.09693335645911283
1594354926319, acc,0.26044633170310405,-0.5103835808841511,0.6497641771867871
1594354926376, acc,1.581802012079209,-3.1857766929998994,-1.1021402075972409
1594354926430, acc,-0.1856181226740591,4.372219643202424,3.9269592169508334
1594354926488, acc,-1.6918335816375911,-2.2249003016360103,1.0946509478203952
1594354926544, acc,-1.718072477004677,-0.7856798373252153,0.727595093429461
1594354926602, acc,-4.635577441905439,-2.1336117187313732,0.3841195096556097
1594354926658, acc,1.543225905447453,-1.7568845843493937,1.3635478220805526
1594354926717, acc,2.750804144267738,4.881293493194878,-0.3262996637737378
1594354926774, acc,-0.48798919558338816,-1.521916867697984,-1.1138010539703072
1594354926833, acc,-0.09126903795395046,-1.3774229104369877,-1.59020670620054
1594354926889, acc,0.32574349119570106,-0.6907471257645637,-1.1970954963158815
1594354926949, acc,-3.778658414752781,0.053041187637438994,-0.9531041499271988
1594354927007, acc,-2.7724773391544817,-3.0537697307378053,-1.178185336401686
1594354927072, acc,-0.987626524188742,-0.7373839353855699,-1.3680727521590887
1594354927132, acc,-0.5830729695199057,4.863419106069207,1.494670548854023
1594354927194, acc,-0.6400658630583435,2.185109996908903,-2.9950796413600442
1594354927258, acc,5.133509135636687,15.94052334164977,2.2737246844291685
1594354927320, acc,-0.18713345914045348,-1.839490971365571,-0.3961804977947846
1594354927378, acc,0.6917972924046218,-1.4560263454221187,0.4563574281968176
1594354927442, acc,0.9517173717439175,-5.37060115096569,-0.21442442084373906
1594354927504, acc,0.20815491212019696,-3.3516628362491723,-0.6731083740256726
1594354927567, acc,-0.3706648386683315,1.6302708594329653,-2.050839327498525
1594354927628, acc,-1.0509544294349848,0.6620751580316573,-2.9327549948722123
1594354927692, acc,0.6234594500418752,3.3799773688465353,-0.056999510508892126
1594354927755, acc,1.1482632955424488,-0.6600168372623622,4.369422413699328
1594354927820, acc,6.393944081506133,5.453257222342491,3.023369039516151
1594354927882, acc,3.7735549541339277,3.5562428672909734,5.036082196107507
1594354927951, acc,-1.7645204860553145,-4.059829810304939,1.2978957847356796
1594354928013, acc,1.396398098411411,-5.1604170163065195,1.7428342855565249
1594354928080, acc,0.5928185933887958,-3.599296996119618,0.9469471616674214
1594354928143, acc,-1.1585651285219938,3.8956402418404816,0.9777170515276491
1594354928211, acc,-3.7053757363989948,1.306778617762774,-1.384274676027894
1594354928275, acc,7.656383937457203,3.728554951934516,4.329615596228837
1594354928343, acc,3.717236854584515,5.554709764125943,3.5497748403206466
1594354928408, acc,3.5939123804718256,0.9133853030011058,1.4264454461507499
1594354928479, acc,3.4248473149254917,-3.856614637875557,1.4911920590884982
1594354928549, acc,1.5320137526899575,-2.9726398460149763,0.8051564720157534
1594354928620, acc,0.23422581224292516,-1.7935558802731335,-0.2701171733027324
1594354928688, acc,-0.9526158549536019,0.7780872633043676,-0.841870730298385
1594354928760, acc,-0.16971991272587328,0.7650644809283316,-1.0634773725301028
1594354928829, acc,0.5865108350140974,-1.7535535402305422,3.8435520349457857
1594354928900, acc,5.8958162806808945,6.959647288954257,5.417028555619717
1594354928969, acc,0.5961836493751034,3.035150370463729,2.9877891920909283
1594354929040, acc,-0.5686053951630369,-4.735704580304026,1.5148820006251333
1594354929108, acc,3.4924861421734095,-4.8301764694198965,0.8586206434387713
1594354929180, acc,1.507389306782186,-1.1926426816254854,0.649931204316765
1594354929250, acc,0.05145016471948474,5.156512994605302,1.2275959215849637
1594354929324, acc,0.34349220611508935,3.4164731620728968,1.0489452815696596
1594354929394, acc,4.497598127235472,-0.43374961934108286,3.482631979896128
1594354929467, acc,4.745173834916949,5.5748073802590365,2.606070386901498
1594354929537, acc,3.867743934655189,-1.6809288873940704,1.3356177587561309
1594354929612, acc,1.806857114264369,-4.226271833871305,0.8124816272720694
1594354929685, acc,0.19909622933585194,-1.0631219832211731,0.40106246115006505
1594354929760, acc,-0.5199243298307061,-0.10159735708162188,-0.3832371738631278
1594354929833, acc,-0.20725675770407542,2.653867910864949,-2.169365899810195
1594354929912, acc,0.3034644028376788,0.7157800794079899,3.4003228222608564
1594354929985, acc,5.67838290554583,4.037691920515894,4.8239475119024515
1594354930061, acc,1.101103338830173,3.619879473160207,3.81454279808253
1594354930136, acc,-0.7958497875533997,-4.2065611712291835,1.0479126505862921
1594354930214, acc,3.536358601647615,-4.045940985684097,0.6447470066118985
1594354930288, acc,-0.10867643775553441,-0.27552860389221456,1.8674252724736928
1594354930367, acc,-1.5086420833222567,3.725481828099489,1.2469210920408367
1594354930442, acc,3.57261503316015,4.510723274007439,1.4540171975567937
1594354930521, acc,2.0689948696531353,1.3080749411836265,4.405094323322177
1594354930596, acc,4.8312709866583345,2.6463337159678337,1.2308379722461105
1594354930675, acc,2.5188056526854634,-3.271712516699731,1.0329149148754775
1594354930751, acc,0.6150094554740935,-1.4938821749553084,1.0689074347548186
1594354930830, acc,-1.3411482126154004,-1.12579208214581,-0.586330510011129
1594354930908, acc,0.004201168883731589,0.31264073891863225,-0.3743524046072736
1594354930988, acc,0.4001319753669202,1.1077231222961097,2.2960569277465344
1594354931069, acc,5.069610371699929,1.6211847589187323,4.8948660914734
1594354931151, acc,0.9308161110777408,3.279130391740799,3.601973814113438
1594354931229, acc,-0.6801675718221813,-4.136001488098502,1.0760484656158833
1594354931312, acc,2.1862663273371754,-3.9098634129822254,1.3992964502014218
1594354931391, acc,0.12710976480506359,0.16471467005079612,1.3411679402291774
1594354931474, acc,-1.842948126082122,3.7532454488158224,-0.4856717489538714
1594354931553, acc,5.432881373789906,5.005624514001608,4.906322428250313
1594354931637, acc,3.602984160199761,4.935110715839267,3.7743665627777574
1594354931717, acc,2.618824946795404,-0.9959806571666151,1.4264241111017764
1594354931803, acc,2.7430238656550645,-4.572665935440361,0.6530504323158413
1594354931884, acc,-1.6206781245708464,-0.8316965422865003,-0.005709668042318663
1594354931969, acc,0.43619544159062207,-0.09420047002965584,-0.9110170394998043
1594354932052, acc,1.3633224888920783,2.1345267877496776,0.3931980844505131
1594354932138, acc,2.629531926509738,0.9850320507161319,4.692194524401426
1594354932221, acc,3.3107506878852844,5.189280707219242,4.041993124841153
1594354932307, acc,-0.3873483720416203,-4.14327995466888,1.8793840058147906
1594354932390, acc,1.5006116293407976,-4.069621136479079,0.6562812309306114
1594354932483, acc,0.36329862074926494,2.992886807490885,0.6155826522521675
1594354932567, acc,0.3625436376634985,5.803962172847986,1.9051736961096524
1594354932654, acc,3.084378804013133,1.6223850746192037,4.219314854340255
1594354932739, acc,3.412445513992011,-1.7128423212662338,1.9049078847803174
1594354932828, acc,2.3995319152683017,-4.279104721653461,0.7987374718189238
1594354932914, acc,-1.022912722429633,-1.0900283295210451,-0.12397102838791905
1594354933002, acc,0.7345764767494052,0.23650539281377567,-2.1268756884746254
1594354933088, acc,-0.2212792003756389,2.9215228222399947,-0.5427291956285014
1594354933177, acc,2.9021380305513738,0.7799083412516862,5.293638322794437
1594354933263, acc,2.985686082331836,5.319244473215937,4.473018104991317
1594354933354, acc,-0.9249367707155645,-4.308427262249588,0.9021812604848295
1594354933441, acc,2.864312157765031,-4.418595609930158,1.4666760419912634
1594354933533, acc,-0.0252817590390332,-0.6947325421389192,0.9359973861731589
1594354933621, acc,-3.0975816921964285,3.6444098110437393,-1.2839920548066497
1594354933713, acc,13.120313944983481,5.729053354597092,8.499554425242543
1594354933801, acc,3.079361560373008,6.461539361873268,4.497003083951771
1594354933893, acc,3.923441271957755,-3.3500197452172635,1.3055397236175834
1594354933982, acc,0.8712698432620615,-2.218596379186213,1.312408586473763
1594354934075, acc,-1.8198909294910728,-0.5415514205534011,-2.0781804850190877
1594354934166, acc,0.5654313317041844,1.3394858323611318,-0.23652692879214882
1594354934260, acc,2.3015859203010796,0.9004729221969843,5.236236519661546
1594354934350, acc,3.2462934132829306,6.074988021960854,7.456825826230645
1594354934444, acc,-2.248230762210488,-4.680135253295302,1.5192669377110897
1594354934536, acc,1.3845198829606176,-5.565543877351284,0.4822153614223003
1594354934631, acc,0.5739742652524262,3.787359023080766,0.5717905280051753
1594354934724, acc,-1.5594538405403493,6.272749897420406,8.416744624608755
1594354934820, acc,1.4527495157085357,-0.7915420073568821,1.694778402917832
1594354934913, acc,3.2267551845982667,1.9923634653933344,0.9713717010889201
1594354935009, acc,1.9168314006775617,-3.4676647123888134,0.9778943077906965
1594354935102, acc,-0.8954415769662708,-2.9340464959874746,-0.7169752805419266
1594354935200, acc,-1.8848352569580078,1.9825836835265158,-2.1133190184175965
1594354935295, acc,-3.953821797174215,0.20455069534946232,7.0202785755276675
1594354935397, acc,4.391615248546004,7.592801399862766,4.529869873026013
1594354935493, acc,-1.9831407328873871,-2.6832392590388654,1.64104184429422
1594354935592, acc,1.1655480462118983,-2.8652506076589224,1.3008663249790668
1594354935689, acc,0.38178339485824103,-1.930144032845646,1.5634161683000622
1594354935789, acc,-1.6871230658590792,-0.18775038546239955,-1.9010221293881535
1594354935884, acc,5.693112272644043,0.3792144211530685,4.886316582053899
1594354935984, acc,3.877090439671278,4.366023126649856,1.765003447266668
1594354936083, acc,2.2867453479133544,-1.9832533994816242,0.457103387725912
1594354936183, acc,-0.9090510001238435,-5.030991010448337,0.022176593814638906
1594354936280, acc,-2.1072746236868203,-1.367033179978281,-0.7821349312599748
1594354936387, acc,-1.0010926664181052,-2.2542231344930825,3.5475130328685043
1594354936486, acc,4.579813761368394,9.4238553822726,5.723639512854814
1594354936589, acc,-3.1888200062185525,1.0000254025127737,1.380694625584036
1594354936691, acc,-0.1489619603873696,-3.1982173646390435,0.8210051254674792
1594354936793, acc,-0.02171382144136587,-5.607929313138127,1.064657156899199
1594354936894, acc,-4.5314857837900515,-3.6224592605203387,-1.196923793010786
1594354936998, acc,-3.8255741874456404,-1.462502847959846,2.200443028988689
1594354937099, acc,3.0385435200333593,2.6919801993772388,1.7362249504193663
1594354937204, acc,2.307210189923644,-1.738113394514471,0.720268549933657
1594354937306, acc,-0.9032403410837053,-5.28912055310905,-0.29316463395105674
1594354937411, acc,-1.6664667929299175,-2.0241069495260713,-2.0053378055177626
1594354937517, acc,0.7478261997491121,2.20566763176918,7.3904644715726375
1594354937624, acc,0.9037892802033572,3.1281644619867204,2.6712922161355612
1594354937729, acc,-0.109972468915442,-1.0140226559441536,1.0728892709326
1594354937836, acc,-1.2415953669734299,-5.316190346342325,0.8065254222813993
1594354937939, acc,2.4315546547338367,2.1831522869698703,3.6524089931041
1594354938047, acc,12.92218089812398,17.464913175332544,10.399816968435049
1594354938154, acc,6.961742799928784,8.64215730805993,4.604629053673148
1594354938262, acc,1.3305477620154618,-1.3507776262260973,1.2635995473802089
1594354938367, acc,-0.8068539235834031,-5.657459944504499,-0.9399305609036236
1594354938475, acc,-1.8670806968197224,-0.9488670968793332,-1.5789984989657997
1594354938584, acc,-4.002290936788916,-5.441479690787196,5.5620846768081185
1594354938696, acc,3.106855424237251,9.143613961046933,7.057550029301643
1594354938802, acc,-4.400143715177476,-0.345507747188583,1.4259864503368735
1594354938913, acc,-1.7267092263162136,-5.986032558178901,0.36714408066365867
1594354939019, acc,1.8609303574964402,0.637895460216701,2.4975328552931546
1594354939126, acc,11.987377251780032,8.3694006896317,8.347982638549805
1594354939235, acc,1.6203028615176678,1.377818485625833,2.0371245442703363
1594354939342, acc,1.6408613731607793,-3.5233366229891776,0.6303926103059202
1594354939451, acc,-4.093634172490239,-2.710960794179141,0.8123212490785866
1594354939559, acc,-3.2143428622707724,2.001835496485233,-1.5912389718577264
1594354939667, acc,-0.1976735395889729,3.869501299716532,8.164419384312628
1594354939776, acc,0.8816804703783243,4.024757327879965,6.763354317003488
1594354939887, acc,-0.11092427148125134,-5.172849796900153,2.0571841664806008
1594354939996, acc,-0.8979618161588907,-1.7205127097636461,0.631437808509916
1594354940109, acc,-4.03767233903259,3.538063359738886,1.6249230686642229
1594354940220, acc,-0.47165261248424645,0.3913876009624451,8.044446266454457
1594354940331, acc,-1.4004893132477998,-1.0036259112227708,2.2618683885492383
1594354940443, acc,-0.19205445759817957,-4.484946443194151,1.0092588756084442
1594354940557, acc,-3.103230219477415,-2.1642307288788256,1.3012987250469623
1594354940669, acc,-1.1093684783503412,2.0411120064713058,0.5185125633366405
1594354940782, acc,-4.420864431644976,5.9466831290870905,6.1900143310666085
1594354940896, acc,-1.174315143904835,2.283146300508082,3.394305169406533
1594354941009, acc,-0.5540505443815141,-3.3945810637384652,1.3733965775303543
1594354941124, acc,-0.6418235203806311,-4.7077539125829935,-0.1318871809404809
1594354941238, acc,-4.044943499079347,-2.04601395316869,0.4687589003367349
1594354941354, acc,-4.633530153986811,0.7280505090467632,3.52524362565428
1594354941470, acc,3.6009538234159346,6.284729673549532,5.370197830861806
1594354941585, acc,-0.12764097647177985,0.4778075914500281,1.907478319790214
1594354941701, acc,-0.7354802937213331,-2.334495817864686,1.2608052404865622
1594354941816, acc,-1.379392895335704,-3.0522461744323373,-0.7748569761462509
1594354941933, acc,-0.5564968415550887,-1.0478072174504398,-0.13573459534994325
1594354942049, acc,2.992213438273966,1.1236295703496784,5.795307157227397
1594354942168, acc,-2.8615435698345304,-4.221139147157967,1.2912145534060895
1594354942285, acc,-0.2688144384074025,-4.522352921524644,0.5159710256276652
1594354942402, acc,-4.967235454374552,1.7251229800380765,0.7213344255995005
1594354942525, acc,-1.1959388736266643,2.1934819578044116,2.204272670279443
1594354942644, acc,-1.6874403151147066,2.431293811840564,2.6260586974412203
1594354942763, acc,-2.6678715940371154,-0.8248077326208353,0.01978979914280353
1594354942882, acc,-0.3022024931430817,-6.793351395860314,-0.0835947495995555
1594354943001, acc,-0.6029470060301945,3.858135856093466,6.051461600422859
1594354943121, acc,0.45659215026814487,4.864897361928224,3.68388052842766
1594354943240, acc,-1.102606802195683,2.111230667836219,2.207388318081945
1594354943360, acc,-1.8123221016719937,-6.685623427069187,1.6246556498996914
1594354943481, acc,-1.3994872965984047,-3.667420392014086,4.30096525580585
1594354943604, acc,1.9356306475631893,10.839870765954256,4.709160272249579
1594354943726, acc,0.6199858556471765,1.0030358363751322,0.9818053437545895
1594354943847, acc,-3.1095217208370562,-3.6491628507897254,-0.9656778733614831
1594354943969, acc,-3.2124399512588977,-2.893355004636943,-0.8682357362631707
1594354944092, acc,-1.2617903060011566,-7.275385555496811,-0.8631448428649455
1594354944217, acc,4.257850044439733,12.021364861577748,-0.8081446940463036
1594354944340, acc,-1.890483491978049,3.3431603808417916,-0.8818326652653515
1594354944463, acc,-2.457449558968842,-11.506216367846728,2.8710207154929637
1594354944587, acc,1.6356195269845426,-1.104905215331167,6.09666735432744
1594354944717, acc,2.0782199402466417,8.243091939011215,2.0831820926986633
1594354944843, acc,0.8594676156569272,-6.274968742513656,2.3501661190748213
1594354944968, acc,-5.3292298606574535,1.3827585723765194,7.755833322724699
1594354945098, acc,0.48202319985106584,8.43571878966987,8.018169084903597
1594354945223, acc,-2.3904765021532772,-3.296750219583511,1.7686004488453269
1594354945349, acc,0.2835804477215744,-3.694233872398734,1.2743814920268952
1594354945478, acc,-3.010093670618534,0.07023814129242673,1.0761767681706695
1594354945608, acc,0.11249943010979331,4.959855865517258,6.126678461709618
1594354945735, acc,1.7289387389339506,0.1825504421991296,2.4195149651110173
1594354945862, acc,-1.4625300282277165,-2.8419807912304997,0.9533715686917305
1594354945990, acc,-1.3831905340529977,-3.1198072602689266,-0.1837109738784842
1594354946120, acc,2.5556609268739816,5.240867686593532,7.892764005124569
1594354946250, acc,-5.503842915719747,0.431099104832299,2.6466020115152
1594354946378, acc,-2.2835572193965317,-3.6462311812520025,1.8312417600668967
1594354946507, acc,-2.086838277118653,-4.067980675795674,0.6217454857308418
1594354946637, acc,-3.177731333710253,2.209896063119173,4.170299479019642
1594354946768, acc,1.9981015706539154,12.565357172477244,6.0037891641438
1594354946900, acc,-0.5719406405329704,-2.408629852350801,1.9403863176576792
1594354947031, acc,-4.149717001979052,-4.035842493256927,0.08605192436017095
1594354947162, acc,-2.0620162628121674,-0.4577204967109486,0.1854823674651794
1594354947296, acc,5.444172583132982,3.308378990317881,5.092326061376929
1594354947429, acc,-1.1794982456311582,1.5278756299719214,1.378748606082797
1594354947562, acc,-0.074838707590173,-5.234305843859911,1.7359313743002711
1594354947695, acc,-0.47227311900276686,3.1808708007797595,1.9595906382128596
1594354947827, acc,-6.271786020824313,-2.0004757524393497,3.9768689107626676
1594354947960, acc,1.6257861152343451,0.13957207288728093,0.7501284853421151
1594354948093, acc,-1.3625984124012291,-3.6291958752989766,-0.5528193220861256
1594354948228, acc,-0.6079624595720321,-0.7297037561465054,-2.6123057741597293
1594354948361, acc,3.9622204999461768,-1.6015880780451,4.908893155521154
1594354948498, acc,-6.868337955522537,3.455010105738044,1.3101492632396519
1594354948634, acc,0.47740361375901846,-6.0216229269981385,1.26493561828956
1594354948769, acc,1.5455188386902212,2.6772169300094246,0.020888193405338096
1594354948908, acc,12.949074750268458,9.748271460789441,13.328796536421775
1594354949049, acc,2.622553027407825,2.5652307192519306,1.6627981874197721
1594354949189, acc,-2.9244030538514254,-4.006550347799062,0.26093824340589344
1594354949326, acc,-4.580563410691917,-1.525610315388441,-0.7081610557716339
1594354949463, acc,0.10016518712034449,-0.3010931619280018,5.662478649449348
1594354949600, acc,-1.3755370966903864,-0.41725295030940324,1.1521999774042517
1594354949739, acc,0.3687119145022705,-3.809959269684553,-0.00828789819960366
1594354949878, acc,-0.49511605178862805,2.6290888589173553,1.1701211993463336
1594354950016, acc,-1.1841267091494052,-3.0588176617771383,1.6347702166788278
1594354950155, acc,-4.118303042061626,1.2003547173075377,0.13134608720056712
1594354950295, acc,1.7344672930970786,-1.7865989007420837,-0.711614995617792
1594354950434, acc,-2.6931384295016527,-5.394160305729508,-3.1783810297906396
1594354950577, acc,-7.827316258180141,2.90068110974133,5.919095449459553
1594354950718, acc,0.910598960218206,6.132381057265401,3.3757483529746533
1594354950859, acc,0.63087082227692,-3.9917327178955078,-1.4228965214975178
1594354950999, acc,-0.6730828742582351,-6.699619219195842,-0.8238811923604458
1594354951143, acc,9.828702841854096,4.030809759786725,2.6622075769260523
1594354951287, acc,0.22052608045339583,2.044444073503464,-0.24972397175654767
1594354951429, acc,-0.0816340896516107,-4.251530486029386,-2.825039885562658
1594354951571, acc,1.2310450391255319,-2.161930196851492,-1.9181965515509247
1594354951717, acc,4.5799084539145225,10.362100108981132,8.596419639235734
1594354951860, acc,-0.5131870574649423,-2.5151497605264184,-0.7310607237134128
1594354952003, acc,1.7515087365299462,-4.577925755664706,-0.32836678890399634
1594354952148, acc,1.0195006489638239,6.7819163941323755,7.442944015872478
1594354952293, acc,1.3438302913062274,4.628220941662788,3.3165628812953827
1594354952438, acc,-2.1899204659305513,0.2210671102612279,-1.925290309204161
1594354952586, acc,-0.09958853800985962,-1.828652328095585,-3.708714817693829
1594354952732, acc,-1.1737999609243124,3.324910438401997,4.043443323649466
1594354952877, acc,2.7099749980121848,2.353863512288034,3.516976148046553
1594354953023, acc,1.5418305055662989,-4.565796634192765,-0.5907013089738786
1594354953172, acc,-0.0025524875050192347,-2.3463728642717,-2.4628496644467113
1594354953321, acc,6.643815498909354,12.485865702611207,4.049635164026916
1594354953467, acc,1.5084239105269313,-1.3929612558305262,-0.568645982901752
1594354953615, acc,-0.7792994886383414,-3.9292996425971385,-2.8013725942492482
1594354953763, acc,1.3412605869486927,0.9900907223451882,2.520133978679776
1594354953910, acc,-0.8119725817713886,3.5162139315024015,4.532836906138062
1594354954058, acc,0.7683372189886868,-3.6231180166900154,0.40048860678486525
1594354954207, acc,0.15584160949904471,-0.651591611809656,-0.9802602332044392
1594354954357, acc,13.405076643025874,8.332376488617061,7.802955139383673
1594354954506, acc,2.554472886133194,0.0088436700604856,-0.8733980874624103
1594354954655, acc,-1.7462568073511122,-3.000348521673679,-1.6762078502215445
1594354954805, acc,-1.0015406293813138,-0.9803615016218274,-2.816345414714515
1594354954955, acc,3.5261171936184166,-1.1444533818654716,9.7742937907964
1594354955108, acc,-3.055629094868898,0.5115669454498216,-0.12132287936615757
1594354955259, acc,1.028418991695717,-4.531688028363884,0.5486909535771235
1594354955410, acc,-4.141360384783148,0.6141209822017699,0.7416923731692134
1594354955564, acc,0.5372638063620776,-6.007049627244472,-1.6908271810740232
1594354955716, acc,3.1530434671774503,-1.2497552925534545,0.4164050282431766
1594354955869, acc,-2.5588486169993874,-2.039132523091882,-0.3905442454734817
1594354956021, acc,-0.9710251526735723,-0.42811073667127636,-2.7842273981809615
1594354956175, acc,3.44158948315084,10.192605127584933,5.393136223378777
1594354956329, acc,-2.065856571627408,-1.8848735431417822,0.4809554975543171
1594354956483, acc,-0.549349928942509,-0.9156243871647864,1.0546334102086723
1594354956637, acc,2.858259725858271,1.0757225946623832,4.938938749694824
1594354956792, acc,2.4171127262748775,3.7546158603861928,1.5003773821935056
1594354956948, acc,-3.4989185133084653,-3.2290809971973298,-0.9953400942407548
1594354957123, acc,-1.533326734984666,1.007629228579998,-1.5087608873963354
1594354957276, acc,4.909700380250811,2.575019122816622,2.894744997690618
1594354957432, acc,-0.933282062799856,0.5500481038071214,0.718381786338985
1594354957592, acc,-1.1246695809219032,-5.158081266835332,0.32897845452893526
1594354957749, acc,-4.498786460237205,0.047905779244052246,-1.120752553608641
1594354957909, acc,14.429516721153258,10.185795447570085,-4.200633827006817
1594354958067, acc,-0.21340651250546797,2.5848764999642966,-1.860153235644102
1594354958225, acc,-1.867684215670824,-2.2400591461926695,-2.2548041492514312
1594354958383, acc,0.6040918286837637,-3.3610759767606853,-1.3319506145507096
1594354958545, acc,0.16985959519119934,9.29894013183713,5.957345392876863
1594354958705, acc,-0.91079440972507,-3.3655005152046678,-0.919952917888388
1594354958866, acc,-0.4326601801365614,-1.862525517733395,1.426917593707144
1594354959032, acc,3.7602953673273323,12.520709052455425,4.15667807316333
1594354959193, acc,0.14779403998600318,-2.9691680782511827,0.6003089126115665
1594354959354, acc,-2.6273434765547514,-2.3616123728491365,-1.9900947898089885
1594354959514, acc,-4.713088259348273,0.5070245527798309,4.81014870365262
1594354959678, acc,-5.192988914087414,-1.5935468104086816,-0.33474374005738644
1594354959838, acc,-0.8938523350134492,-5.2798260705411435,0.1887149379119277
1594354960001, acc,-3.325984789635241,1.6135905043974519,0.2121187011846341
1594354960163, acc,0.6157635617770254,2.759281757494807,4.361760500769317
1594354960326, acc,-0.8203833403073251,-1.9980083394125103,-1.972548027202487
1594354960493, acc,-4.453222686675191,0.35218759027868507,-2.4379269662447274
1594354960656, acc,-8.180033133029937,-0.40110776159651573,2.125042920089513
1594354960821, acc,-3.7096219956666228,-0.393170319660753,0.9563790068794041
1594354960986, acc,-2.007313343374431,-2.4193913387313484,0.12923199938973412
1594354961152, acc,-3.9679447228118776,2.467541329394281,-1.2953180432021618
1594354961318, acc,-0.3099286669483408,5.028233820694685,3.6199104528203603
1594354961484, acc,0.6308410847257823,-2.728657194389403,-1.028490376431495
1594354961651, acc,-3.8125238594755526,-0.41498489577956493,-3.417999640987813
1594354961816, acc,-1.9043980355620382,1.4120321592643856,3.474086562129855
1594354961984, acc,-4.752682018589973,-3.111062812799215,-0.05134889173551928
1594354962152, acc,-0.4342629756907001,-2.5637419419988987,-0.9568556114152074
1594354962320, acc,3.0113290576323863,6.060943714517355,5.572620683869719
1594354962491, acc,-0.4358028986090794,0.07132323311539367,-0.3363020388826728
1594354962660, acc,-3.1238299399137497,-1.9981167682230472,-1.0932574476353822
1594354962829, acc,-2.878254758399725,3.6174332490518686,-3.280827258786559
1594354962996, acc,3.1094507014274595,5.398608517310023,4.303366179467737
1594354963165, acc,-0.8134200771659612,-2.997460106755793,-0.21931390991834923
1594354963334, acc,-2.722902868646383,2.1701675715819,-0.6533852902933954
1594354963503, acc,-0.7798610680438578,1.9782485769316553,3.5853032498195767
1594354963675, acc,1.7694082580968737,-4.077804442934692,-0.553783308280073
1594354963845, acc,-3.8939313920959826,-0.316733305461891,-3.6322543860867618
1594354964014, acc,0.5807649117732421,2.5054405596777793,2.9223312160134314
1594354964184, acc,-4.850931380417943,-3.112364835308492,0.6364214421413839
1594354964356, acc,-0.05105830672453157,-2.922405158032477,-0.4164608866162598
1594354964527, acc,4.314694505950809,12.49475628055334,19.883218180131912
1594354964699, acc,-1.058558255502209,-1.0254424601029604,-1.5179581932000814
1594354964873, acc,-2.485806761664152,-2.303710511239618,-2.7306872389122843
1594354965045, acc,-1.905180856502801,-1.1085696561228484,-3.896551511466503
1594354965220, acc,1.5859724296316504,8.039525176665187,4.828973231109977
1594354965394, acc,1.8166195066049693,-3.564796176102757,0.3085339246543124
1594354965568, acc,-3.4265412593618034,1.294760847710818,-1.1755921781033276
1594354965742, acc,0.6950371511086821,4.409406341302395,1.5740237792931495
1594354965915, acc,-0.9495382741391658,-3.350352922694385,-0.28645474278256294
1594354966090, acc,-1.21002972362563,-0.01212370893624029,-1.5358961470812558
1594354966265, acc,2.4230562909796833,-0.20895704054962844,2.9231279193490742
1594354966445, acc,-1.2878050372235477,-2.529244629113376,0.055234738459228536
1594354966620, acc,-3.085350279393792,-0.72301163809672,0.37546778197064995
1594354966797, acc,0.7815487288698554,-1.1363894640058279,-0.28000015981569887
1594354966974, acc,1.0416751444362102,-1.9701281065791845,0.055974437210895116
1594354967151, acc,-4.09377241191715,-0.9394076330080627,-1.9168324235908687
1594354967328, acc,-4.471654999944567,2.942460980850458,0.7180488280575722
1594354967507, acc,0.16366477740537375,1.81030520889163,3.586523439264297
1594354967685, acc,-1.012952615559846,-2.7354610291853545,-0.13778273265194146
1594354967876, acc,0.4471098900431767,6.340094417896866,-0.6062867083795368
1594354968058, acc,0.4232730873817578,-1.1856780302446335,0.3854844413332641
1594354968237, acc,-0.9904125747106969,-2.491953301595151,0.012141286833770573
1594354968415, acc,-4.299587537711859,3.392520331816375,-1.0537044587954878
1594354968594, acc,2.8163071285307404,5.535623955383897,5.433161359775066
1594354968775, acc,0.4971834691798314,-4.615146940556168,0.7835690557163209
1594354968956, acc,-3.8382188572242852,1.7695498585246503,-1.9489786433055996
1594354969137, acc,0.8589315360188484,2.7217428849563,2.7509078969031573
1594354969321, acc,-1.4567856393568217,-3.7071944762587545,0.15606949997078626
1594354969512, acc,-2.64146377184391,3.6856647814959285,-2.7189991392061112
1594354969698, acc,2.401762889190763,3.93462200666368,4.876079265677928
1594354969881, acc,-0.16782728564599528,-4.302337420941889,0.7528527226742356
1594354970064, acc,-5.199411640611291,3.817501355627179,-1.9306855923764406
1594354970246, acc,0.789686442618072,4.33276266208291,3.103810065191984
1594354970429, acc,-1.0300302993498742,-4.000064200650155,0.10956762357475236
1594354970613, acc,-1.0484710151214152,4.301201987171173,-3.753770057211816
1594354970797, acc,2.430097441662848,5.236068177357316,5.454204732325673
1594354970981, acc,0.4237376361535862,-3.7895302296400066,0.516257587484084
1594354971168, acc,-6.0811810313820835,3.4685645838379857,-1.5482650686584412
1594354971356, acc,0.09305962943146005,-0.8434306000262498,0.6286329071570187
1594354971541, acc,-2.4682062230437993,-1.3820342036247253,-0.17224391477815806
1594354971727, acc,-1.456781547703594,1.6891728379957376,-1.0149915740415454
1594354971913, acc,0.5131660512095317,3.6486911416247483,4.022935373149812
1594354972100, acc,-1.6695359712421893,-2.8034818414881824,0.15165445087435656
1594354972287, acc,0.09770736390575765,7.205432313826679,1.8605359513513742
1594354972477, acc,0.6878573956724255,-2.0349235270947217,1.1900809413786977
1594354972665, acc,-4.037003645990788,-1.3415525556325911,-1.7846430904991923
1594354972854, acc,-2.575601014357805,3.2261373449608683,3.802497263240814
1594354973044, acc,-4.326756115144491,-4.579868121904134,0.6174815446760505
1594354973231, acc,-2.1352691305495797,-2.205164066161215,-0.049457314968411804
1594354973420, acc,2.421223960985988,-1.017521019453928,2.5380095348492264
1594354973607, acc,0.895716521450132,-4.797623568600416,-0.253032456983719
1594354973798, acc,-2.443781245230883,0.26191507081510496,-1.7808156411655247
1594354973988, acc,-0.4366419067164883,-0.8129721142027526,2.8329993201345203
1594354974179, acc,-3.6768846781909463,-5.026520587036013,0.6432876746490598
1594354974369, acc,-3.9136949539691206,3.154505356423557,0.29295221504308283
1594354974559, acc,1.5058067137658595,-1.855668929836899,2.5703069996029138
1594354974748, acc,1.1003802852526305,-5.266427075263858,-0.1570334313658066
1594354974941, acc,-2.560082542708516,1.5380400272421537,-2.4713351687192917
1594354975132, acc,6.1121992699801915,4.440470757129789,2.943790768149495
1594354975325, acc,-0.26501736594568936,-4.874217855720222,0.1769627417272888
1594354975516, acc,-5.688594502958655,4.069669067274034,-2.3703334394432605
1594354975713, acc,0.049442587756738064,1.2314132879160344,1.7877834343515335
1594354975907, acc,-2.2418189954720438,-2.2049607986740765,-0.08395507994508371
1594354976101, acc,-1.8160552968509494,1.2833381209425627,-0.5051488585684448
1594354976299, acc,0.13570093054235913,1.7922240471474826,3.7660909018635746
1594354976493, acc,-2.0151034127287564,-2.6474475224286316,-0.5429219782542437
1594354976687, acc,4.5036786161929365,4.537476256376505,6.3822098045706745
1594354976882, acc,1.4298711828157304,-3.1821853905096646,0.15083204684187657
1594354977077, acc,-3.1021544069394467,-0.1293540548668243,-1.722030274719745
1594354977273, acc,-2.2371724848404524,1.5664989367462694,4.29036232098788
1594354977471, acc,-4.357593736478686,-3.198170310626924,-0.04645080836249981
1594354977667, acc,-2.2013827940568325,0.8433685676407069,0.9137992906294763
1594354977867, acc,0.8742549234874546,-1.2665401308767497,3.4276337307736275
1594354978065, acc,0.1389404330533929,-4.906611182063818,-0.49910815363209693
1594354978262, acc,-2.0235379174664616,2.1989061748102308,-2.368791178437322
1594354978460, acc,3.4120427784100174,5.248685082346201,3.1547678067520257
1594354978658, acc,0.6022207010496408,-4.585846611791849,0.6252974060587585
1594354978857, acc,-5.109895620337128,2.985242137956619,-2.506379301832616
1594354979055, acc,-0.35388058486692603,0.7857858549829572,-0.22219797745468092
1594354979254, acc,-1.0763464987143874,-2.2051665503792464,-0.7949203977487981
1594354979453, acc,-5.032937468340992,1.7657145181454716,4.14982543078959
1594354979654, acc,-2.4924071828424927,-3.2412174251928922,-0.2243383870168589
1594354979853, acc,-3.669251699094474,1.1612162275526672,-0.6096345209700986
1594354980055, acc,-0.346590099065192,-0.07457976439304184,5.663291134876013
1594354980255, acc,0.6801228558976202,-3.92775855063498,-0.06135453651377465
1594354980457, acc,-0.7564896909371018,4.517015652149915,-2.986411766257882
1594354980658, acc,0.3324952670108527,2.716687647393346,4.774628477460146
1594354980861, acc,-0.6534466650918126,-5.934478312030434,0.7277902506753802
1594354981068, acc,-2.05036834898591,6.274665960174799,1.8289384515605867
1594354981272, acc,-0.9562092032704502,-1.4391590895123778,1.2108704122334717
1594354981476, acc,-2.0704875924289223,-3.5332676498949525,-1.1494562316540629
1594354981678, acc,-4.5215734615847465,4.078482488326728,1.7221518552727997
1594354981883, acc,-0.7773129179310053,-3.0545766632065177,0.48110637726709243
1594354982087, acc,-1.061147468277812,-1.0615782609105109,-0.8421116994474083
1594354982291, acc,3.315946795223653,-2.3821963111944497,3.0662030958533286
1594354982500, acc,0.07742734954361803,-2.668776726183295,0.4074668848322704
1594354982708, acc,-1.6366599759481846,1.1120281990788876,-1.758289336580783
1594354982914, acc,0.6765471163026988,0.65824442076236,1.7634009805060922
1594354983122, acc,-1.0930256116408854,-4.273281130066514,0.8658871273104101
1594354983328, acc,-7.176829319676757,1.9745821633785963,-4.124216650019586
1594354983534, acc,-1.1218905446626246,-0.06191707033393904,1.1740742478210477
1594354983743, acc,-3.332003027011454,-3.235464560754597,-2.019826349597424
1594354983950, acc,1.4258113860309123,4.172184269852936,1.2344449106968938
1594354984158, acc,-0.8945997193146497,-2.2464484088383614,0.03237355078075779
1594354984367, acc,-1.1898621840614825,-2.840508672851324,0.25914719527065755
1594354984577, acc,-3.0239716815844178,0.49952488120682537,3.607741876120865
1594354984785, acc,-0.7824399055559188,-4.031326769398152,-0.05361903775774408
1594354984994, acc,-0.28330157598126676,2.5553908777609466,-0.967046458300948
1594354985203, acc,0.38979247725810856,1.15366471619457,3.677228377062082
1594354985413, acc,-0.6300800372254103,-6.307257731699943,-0.02473261898998171
1594354985626, acc,-5.046375626584887,4.611282958604395,-3.668020988255739
1594354985836, acc,-1.6203787032328545,-1.0670202327687293,0.41656862130705263
1594354986046, acc,-2.904847581771016,-2.5304928756088017,-1.8669851274907587
1594354986259, acc,-1.3782203444249927,3.645875791943073,0.4972049868918955
1594354986470, acc,-0.8539870653539896,-4.531066389334201,-0.402253607163392
1594354986682, acc,-4.3019986905068155,4.072460159297287,-1.1875582910332827
1594354986894, acc,-0.0903530282207299,3.84767496009469,2.05663559268713
1594354987121, acc,-1.1107749841473995,-5.417496757653355,-0.771560418818891
1594354987331, acc,-3.558522502660751,6.366631711688638,1.0732450986329465
1594354987547, acc,0.30150809940444306,-0.961431979420036,0.7554605670850724
1594354987760, acc,-0.0011083294221927644,-1.2031867258630693,-0.13114269184926525
1594354987975, acc,0.3068326736943796,-0.6966007471635938,3.2919317133858796
1594354988190, acc,-1.3590547484450042,-2.7136130622535943,-0.9436117336343973
1594354988405, acc,-2.1035934509560463,1.7700154302097857,-2.608596982769668
1594354988620, acc,1.3303228672184049,0.12126542269103228,3.7236829619839784
1594354988840, acc,-1.0274227471999824,-5.9213470277786255,0.5307224949598313
1594354989057, acc,-5.127776144942641,3.0217765096276996,-3.869956642268598
1594354989274, acc,-1.4613419874869287,-1.3059868828631938,0.5664346635278315
1594354989490, acc,-2.6650831323623656,-2.663694600613415,-0.374976710518077
1594354989708, acc,0.30983547223955393,2.821769193328917,1.330285457817465
1594354989933, acc,-1.5471623681135476,-6.759137576091289,0.07522085247528738
1594354990155, acc,-5.345048192036152,3.0077129129618405,-2.85818666062206
1594354990374, acc,-1.3465364815250038,-0.9863823693465441,0.1377747046091128
1594354990592, acc,-3.1569577180117365,-0.9396578083768486,-0.6050467913210391
1594354990811, acc,0.300980604931619,3.5676045115217563,0.6494408635165542
1594354991031, acc,-1.4737136855430901,-7.11831809399724,-0.24183884452991186
1594354991251, acc,-4.663033604107797,4.29580889595598,-3.259597716014087
1594354991471, acc,-2.0041114785932,-0.5858342509267851,0.4335849668312818
1594354991692, acc,-1.3697384934142232,-2.5886411131948233,-0.2720191527328454
1594354991913, acc,-3.474725444555282,2.447482145575434,2.0710082553021607
1594354992134, acc,-0.1827651809283532,-4.672093108876049,-0.5844419563181698
1594354992358, acc,-4.600840475045144,5.100363821882009,-1.2218472949303687
1594354992582, acc,0.22313556883204727,2.7997160592138766,1.468567408695817
1594354992804, acc,-0.8168078929733484,-4.918956868895888,-1.5566351298578083
1594354993025, acc,-4.151609683857858,4.578099650926887,0.5971174230938777
1594354993248, acc,-0.40537776706591244,-2.1860767961144445,-0.5543977138513699
1594354993469, acc,-2.7355402319014073,1.5499343170449136,-1.0040306926313787
1594354993692, acc,0.549624800361134,3.673505264885723,2.750833954884112
1594354993916, acc,-1.2346458400964737,-5.0932285631746055,-0.9881352043632418
1594354994140, acc,-8.870710043102502,5.83940758023858,1.661064641625434
1594354994363, acc,-0.5922753898901865,-4.131465305973589,-0.7472459156431257
1594354994587, acc,-4.10549470615387,4.488719824253023,-1.24650009014979
1594354994811, acc,-0.5890751325441524,2.4801886295214293,1.3926320238761603
1594354995037, acc,-3.552937688265741,-3.8662741543635724,-1.3705818123705684
1594354995262, acc,-0.5814393769687042,1.9709080049104988,1.4812361900024116
1594354995488, acc,-0.8717592342142015,-7.075104390692711,0.18202603473253548
1594354995717, acc,-3.119542179591954,7.2347145224124185,-0.5329776169428602
1594354995944, acc,-2.6213039041295647,-1.110004730427265,0.5390562062041834
1594354996171, acc,-1.0582564230114222,1.7311426787190138,-0.7052380079317837
1594354996406, acc,2.866417021089792,-0.40885424753744154,4.70511128911972
1594354996635, acc,-0.5782699531523511,-3.059699120786786,-0.6537824729174375
1594354996864, acc,-0.8192433034267276,0.11178010285929776,0.8372636748943477
1594354997091, acc,0.4882529245534911,-0.4612746089959517,0.0910577150245197
1594354997322, acc,0.066716031580884,0.7463979205116629,-0.3586125452922657
1594354997556, acc,0.06491554433044512,2.5842519383251665,-0.18483634291291237
1594354997786, acc,-1.7009620599888264,-0.6950619932889938,1.925912094364315
1594354998018, acc,-3.4535458784043787,-5.9216094781070945,1.0925544139325618
1594354998249, acc,0.6987853246610611,6.000557342615723,-7.910220751360058
1594354998479, acc,-2.4717229989930987,7.330514153000712,-3.4301813694298264
1594354998713, acc,-3.988959161528945,2.4952196099147197,1.145907745392248
1594354998944, acc,-0.5227500913085416,0.08917078703306615,0.7881416973941028
1594354999212, acc,-0.6806284673321992,0.3433594831135124,2.577749132302403
1594354999484, acc,0.29103465445134785,-0.49175205524824556,0.3138888758162036
1594354999744, acc,0.06183930608972441,0.19036036703139542,1.2186012987464665
1594354999976, acc,-0.0464328891133191,-0.3722344991378486,0.27364978614198043
1594355000210, acc,0.12535553241572342,-0.2436165582595393,-0.3002664287802763
1594355000446, acc,-0.04324340888962615,-0.020750511100853325,-0.10113671729993075
1594355000680, acc,0.08794187542577274,0.3082867449602112,0.4932145290162414
1594355000926, acc,0.054642476221080864,-0.1836536542006768,0.16756752046495674
1594355001161, acc,-0.03813742523683468,0.07941657799892127,0.011605384150560711